Year,Canton,Age Group,Net Migration
2011,Aargau,0-9,123
2011,Aargau,10-19,339
2011,Aargau,20-29,1482
2011,Aargau,30-39,1005
2011,Aargau,40-49,513
2011,Aargau,50-59,-23
2011,Aargau,60-69,-242
2011,Aargau,70-79,-4
2011,Aargau,80-89,3
2011,Aargau,90-99,-1
2011,Aargau,100-109,0
2011,Appenzell Ausserrhoden,0-9,27
2011,Appenzell Ausserrhoden,10-19,10
2011,Appenzell Ausserrhoden,20-29,108
2011,Appenzell Ausserrhoden,30-39,92
2011,Appenzell Ausserrhoden,40-49,59
2011,Appenzell Ausserrhoden,50-59,-15
2011,Appenzell Ausserrhoden,60-69,-21
2011,Appenzell Ausserrhoden,70-79,1
2011,Appenzell Ausserrhoden,80-89,5
2011,Appenzell Ausserrhoden,90-99,0
2011,Appenzell Ausserrhoden,100-109,0
2011,Appenzell Innerrhoden,0-9,6
2011,Appenzell Innerrhoden,10-19,6
2011,Appenzell Innerrhoden,20-29,36
2011,Appenzell Innerrhoden,30-39,18
2011,Appenzell Innerrhoden,40-49,1
2011,Appenzell Innerrhoden,50-59,-2
2011,Appenzell Innerrhoden,60-69,-5
2011,Appenzell Innerrhoden,70-79,0
2011,Appenzell Innerrhoden,80-89,-1
2011,Appenzell Innerrhoden,90-99,0
2011,Appenzell Innerrhoden,100-109,0
2011,Basel-Landschaft,0-9,82
2011,Basel-Landschaft,10-19,145
2011,Basel-Landschaft,20-29,514
2011,Basel-Landschaft,30-39,377
2011,Basel-Landschaft,40-49,187
2011,Basel-Landschaft,50-59,8
2011,Basel-Landschaft,60-69,-102
2011,Basel-Landschaft,70-79,-18
2011,Basel-Landschaft,80-89,-8
2011,Basel-Landschaft,90-99,-4
2011,Basel-Landschaft,100-109,0
2011,Basel-Stadt,0-9,196
2011,Basel-Stadt,10-19,194
2011,Basel-Stadt,20-29,1224
2011,Basel-Stadt,30-39,876
2011,Basel-Stadt,40-49,349
2011,Basel-Stadt,50-59,53
2011,Basel-Stadt,60-69,-86
2011,Basel-Stadt,70-79,-30
2011,Basel-Stadt,80-89,-22
2011,Basel-Stadt,90-99,-3
2011,Basel-Stadt,100-109,0
2011,Bern / Berne,0-9,439
2011,Bern / Berne,10-19,444
2011,Bern / Berne,20-29,2104
2011,Bern / Berne,30-39,1352
2011,Bern / Berne,40-49,684
2011,Bern / Berne,50-59,110
2011,Bern / Berne,60-69,-207
2011,Bern / Berne,70-79,-2
2011,Bern / Berne,80-89,17
2011,Bern / Berne,90-99,9
2011,Bern / Berne,100-109,1
2011,Fribourg / Freiburg,0-9,303
2011,Fribourg / Freiburg,10-19,322
2011,Fribourg / Freiburg,20-29,763
2011,Fribourg / Freiburg,30-39,778
2011,Fribourg / Freiburg,40-49,452
2011,Fribourg / Freiburg,50-59,128
2011,Fribourg / Freiburg,60-69,-46
2011,Fribourg / Freiburg,70-79,-1
2011,Fribourg / Freiburg,80-89,-6
2011,Fribourg / Freiburg,90-99,1
2011,Fribourg / Freiburg,100-109,0
2011,Genève,0-9,327
2011,Genève,10-19,555
2011,Genève,20-29,2606
2011,Genève,30-39,1635
2011,Genève,40-49,573
2011,Genève,50-59,-205
2011,Genève,60-69,-455
2011,Genève,70-79,-26
2011,Genève,80-89,-26
2011,Genève,90-99,-1
2011,Genève,100-109,-1
2011,Glarus,0-9,43
2011,Glarus,10-19,21
2011,Glarus,20-29,174
2011,Glarus,30-39,138
2011,Glarus,40-49,107
2011,Glarus,50-59,46
2011,Glarus,60-69,0
2011,Glarus,70-79,-2
2011,Glarus,80-89,2
2011,Glarus,90-99,1
2011,Glarus,100-109,0
2011,Graubünden / Grigioni / Grischun,0-9,97
2011,Graubünden / Grigioni / Grischun,10-19,133
2011,Graubünden / Grigioni / Grischun,20-29,805
2011,Graubünden / Grigioni / Grischun,30-39,471
2011,Graubünden / Grigioni / Grischun,40-49,277
2011,Graubünden / Grigioni / Grischun,50-59,55
2011,Graubünden / Grigioni / Grischun,60-69,-57
2011,Graubünden / Grigioni / Grischun,70-79,6
2011,Graubünden / Grigioni / Grischun,80-89,-3
2011,Graubünden / Grigioni / Grischun,90-99,-2
2011,Graubünden / Grigioni / Grischun,100-109,0
2011,Jura,0-9,17
2011,Jura,10-19,40
2011,Jura,20-29,126
2011,Jura,30-39,111
2011,Jura,40-49,37
2011,Jura,50-59,18
2011,Jura,60-69,-12
2011,Jura,70-79,-5
2011,Jura,80-89,3
2011,Jura,90-99,-2
2011,Jura,100-109,0
2011,Luzern,0-9,200
2011,Luzern,10-19,261
2011,Luzern,20-29,873
2011,Luzern,30-39,641
2011,Luzern,40-49,327
2011,Luzern,50-59,98
2011,Luzern,60-69,-61
2011,Luzern,70-79,0
2011,Luzern,80-89,-9
2011,Luzern,90-99,2
2011,Luzern,100-109,0
2011,Neuchâtel,0-9,161
2011,Neuchâtel,10-19,230
2011,Neuchâtel,20-29,692
2011,Neuchâtel,30-39,464
2011,Neuchâtel,40-49,174
2011,Neuchâtel,50-59,25
2011,Neuchâtel,60-69,-39
2011,Neuchâtel,70-79,4
2011,Neuchâtel,80-89,-11
2011,Neuchâtel,90-99,-1
2011,Neuchâtel,100-109,0
2011,Nidwalden,0-9,18
2011,Nidwalden,10-19,11
2011,Nidwalden,20-29,68
2011,Nidwalden,30-39,65
2011,Nidwalden,40-49,59
2011,Nidwalden,50-59,14
2011,Nidwalden,60-69,-1
2011,Nidwalden,70-79,-1
2011,Nidwalden,80-89,2
2011,Nidwalden,90-99,1
2011,Nidwalden,100-109,0
2011,Obwalden,0-9,0
2011,Obwalden,10-19,26
2011,Obwalden,20-29,90
2011,Obwalden,30-39,69
2011,Obwalden,40-49,52
2011,Obwalden,50-59,25
2011,Obwalden,60-69,-7
2011,Obwalden,70-79,-2
2011,Obwalden,80-89,0
2011,Obwalden,90-99,-3
2011,Obwalden,100-109,0
2011,Schaffhausen,0-9,74
2011,Schaffhausen,10-19,65
2011,Schaffhausen,20-29,271
2011,Schaffhausen,30-39,212
2011,Schaffhausen,40-49,130
2011,Schaffhausen,50-59,3
2011,Schaffhausen,60-69,-42
2011,Schaffhausen,70-79,-11
2011,Schaffhausen,80-89,4
2011,Schaffhausen,90-99,0
2011,Schaffhausen,100-109,0
2011,Schwyz,0-9,47
2011,Schwyz,10-19,33
2011,Schwyz,20-29,275
2011,Schwyz,30-39,241
2011,Schwyz,40-49,138
2011,Schwyz,50-59,2
2011,Schwyz,60-69,-32
2011,Schwyz,70-79,6
2011,Schwyz,80-89,-3
2011,Schwyz,90-99,0
2011,Schwyz,100-109,0
2011,Solothurn,0-9,157
2011,Solothurn,10-19,109
2011,Solothurn,20-29,601
2011,Solothurn,30-39,350
2011,Solothurn,40-49,181
2011,Solothurn,50-59,-1
2011,Solothurn,60-69,-64
2011,Solothurn,70-79,-19
2011,Solothurn,80-89,-3
2011,Solothurn,90-99,0
2011,Solothurn,100-109,0
2011,St. Gallen,0-9,280
2011,St. Gallen,10-19,370
2011,St. Gallen,20-29,1597
2011,St. Gallen,30-39,919
2011,St. Gallen,40-49,444
2011,St. Gallen,50-59,45
2011,St. Gallen,60-69,-140
2011,St. Gallen,70-79,3
2011,St. Gallen,80-89,-6
2011,St. Gallen,90-99,-2
2011,St. Gallen,100-109,-1
2011,Thurgau,0-9,189
2011,Thurgau,10-19,191
2011,Thurgau,20-29,854
2011,Thurgau,30-39,607
2011,Thurgau,40-49,327
2011,Thurgau,50-59,73
2011,Thurgau,60-69,-26
2011,Thurgau,70-79,-1
2011,Thurgau,80-89,-5
2011,Thurgau,90-99,-1
2011,Thurgau,100-109,-1
2011,Ticino,0-9,362
2011,Ticino,10-19,449
2011,Ticino,20-29,909
2011,Ticino,30-39,1029
2011,Ticino,40-49,585
2011,Ticino,50-59,200
2011,Ticino,60-69,-1
2011,Ticino,70-79,26
2011,Ticino,80-89,12
2011,Ticino,90-99,2
2011,Ticino,100-109,0
2011,Uri,0-9,1
2011,Uri,10-19,9
2011,Uri,20-29,55
2011,Uri,30-39,36
2011,Uri,40-49,25
2011,Uri,50-59,0
2011,Uri,60-69,-4
2011,Uri,70-79,-5
2011,Uri,80-89,-4
2011,Uri,90-99,-1
2011,Uri,100-109,0
2011,Valais / Wallis,0-9,315
2011,Valais / Wallis,10-19,590
2011,Valais / Wallis,20-29,676
2011,Valais / Wallis,30-39,714
2011,Valais / Wallis,40-49,495
2011,Valais / Wallis,50-59,173
2011,Valais / Wallis,60-69,2
2011,Valais / Wallis,70-79,16
2011,Valais / Wallis,80-89,1
2011,Valais / Wallis,90-99,-3
2011,Valais / Wallis,100-109,0
2011,Vaud,0-9,999
2011,Vaud,10-19,2170
2011,Vaud,20-29,3086
2011,Vaud,30-39,2551
2011,Vaud,40-49,1127
2011,Vaud,50-59,285
2011,Vaud,60-69,-294
2011,Vaud,70-79,15
2011,Vaud,80-89,9
2011,Vaud,90-99,-11
2011,Vaud,100-109,0
2011,Zug,0-9,289
2011,Zug,10-19,144
2011,Zug,20-29,376
2011,Zug,30-39,610
2011,Zug,40-49,286
2011,Zug,50-59,45
2011,Zug,60-69,-48
2011,Zug,70-79,-2
2011,Zug,80-89,-2
2011,Zug,90-99,0
2011,Zug,100-109,0
2011,Zürich,0-9,1003
2011,Zürich,10-19,1178
2011,Zürich,20-29,6862
2011,Zürich,30-39,4502
2011,Zürich,40-49,1825
2011,Zürich,50-59,329
2011,Zürich,60-69,-508
2011,Zürich,70-79,-45
2011,Zürich,80-89,-30
2011,Zürich,90-99,-5
2011,Zürich,100-109,0
2012,Aargau,0-9,462
2012,Aargau,10-19,404
2012,Aargau,20-29,1858
2012,Aargau,30-39,1441
2012,Aargau,40-49,759
2012,Aargau,50-59,139
2012,Aargau,60-69,-174
2012,Aargau,70-79,3
2012,Aargau,80-89,-6
2012,Aargau,90-99,-5
2012,Aargau,100-109,0
2012,Appenzell Ausserrhoden,0-9,18
2012,Appenzell Ausserrhoden,10-19,29
2012,Appenzell Ausserrhoden,20-29,59
2012,Appenzell Ausserrhoden,30-39,67
2012,Appenzell Ausserrhoden,40-49,31
2012,Appenzell Ausserrhoden,50-59,17
2012,Appenzell Ausserrhoden,60-69,-24
2012,Appenzell Ausserrhoden,70-79,0
2012,Appenzell Ausserrhoden,80-89,0
2012,Appenzell Ausserrhoden,90-99,-1
2012,Appenzell Ausserrhoden,100-109,0
2012,Appenzell Innerrhoden,0-9,6
2012,Appenzell Innerrhoden,10-19,6
2012,Appenzell Innerrhoden,20-29,30
2012,Appenzell Innerrhoden,30-39,14
2012,Appenzell Innerrhoden,40-49,19
2012,Appenzell Innerrhoden,50-59,3
2012,Appenzell Innerrhoden,60-69,-1
2012,Appenzell Innerrhoden,70-79,-1
2012,Appenzell Innerrhoden,80-89,0
2012,Appenzell Innerrhoden,90-99,0
2012,Appenzell Innerrhoden,100-109,0
2012,Basel-Landschaft,0-9,127
2012,Basel-Landschaft,10-19,139
2012,Basel-Landschaft,20-29,555
2012,Basel-Landschaft,30-39,382
2012,Basel-Landschaft,40-49,187
2012,Basel-Landschaft,50-59,15
2012,Basel-Landschaft,60-69,-68
2012,Basel-Landschaft,70-79,-22
2012,Basel-Landschaft,80-89,-3
2012,Basel-Landschaft,90-99,-2
2012,Basel-Landschaft,100-109,0
2012,Basel-Stadt,0-9,224
2012,Basel-Stadt,10-19,203
2012,Basel-Stadt,20-29,1134
2012,Basel-Stadt,30-39,821
2012,Basel-Stadt,40-49,331
2012,Basel-Stadt,50-59,2
2012,Basel-Stadt,60-69,-134
2012,Basel-Stadt,70-79,-39
2012,Basel-Stadt,80-89,-28
2012,Basel-Stadt,90-99,-7
2012,Basel-Stadt,100-109,0
2012,Bern / Berne,0-9,552
2012,Bern / Berne,10-19,545
2012,Bern / Berne,20-29,2395
2012,Bern / Berne,30-39,1588
2012,Bern / Berne,40-49,851
2012,Bern / Berne,50-59,122
2012,Bern / Berne,60-69,-253
2012,Bern / Berne,70-79,11
2012,Bern / Berne,80-89,-9
2012,Bern / Berne,90-99,-2
2012,Bern / Berne,100-109,0
2012,Fribourg / Freiburg,0-9,455
2012,Fribourg / Freiburg,10-19,439
2012,Fribourg / Freiburg,20-29,918
2012,Fribourg / Freiburg,30-39,986
2012,Fribourg / Freiburg,40-49,561
2012,Fribourg / Freiburg,50-59,117
2012,Fribourg / Freiburg,60-69,-6
2012,Fribourg / Freiburg,70-79,-5
2012,Fribourg / Freiburg,80-89,1
2012,Fribourg / Freiburg,90-99,-5
2012,Fribourg / Freiburg,100-109,-1
2012,Genève,0-9,142
2012,Genève,10-19,387
2012,Genève,20-29,2670
2012,Genève,30-39,1516
2012,Genève,40-49,346
2012,Genève,50-59,-53
2012,Genève,60-69,-374
2012,Genève,70-79,-17
2012,Genève,80-89,-16
2012,Genève,90-99,-2
2012,Genève,100-109,-1
2012,Glarus,0-9,14
2012,Glarus,10-19,36
2012,Glarus,20-29,73
2012,Glarus,30-39,97
2012,Glarus,40-49,55
2012,Glarus,50-59,5
2012,Glarus,60-69,-12
2012,Glarus,70-79,-4
2012,Glarus,80-89,0
2012,Glarus,90-99,0
2012,Glarus,100-109,0
2012,Graubünden / Grigioni / Grischun,0-9,86
2012,Graubünden / Grigioni / Grischun,10-19,140
2012,Graubünden / Grigioni / Grischun,20-29,820
2012,Graubünden / Grigioni / Grischun,30-39,545
2012,Graubünden / Grigioni / Grischun,40-49,307
2012,Graubünden / Grigioni / Grischun,50-59,103
2012,Graubünden / Grigioni / Grischun,60-69,-96
2012,Graubünden / Grigioni / Grischun,70-79,2
2012,Graubünden / Grigioni / Grischun,80-89,1
2012,Graubünden / Grigioni / Grischun,90-99,-7
2012,Graubünden / Grigioni / Grischun,100-109,0
2012,Jura,0-9,61
2012,Jura,10-19,57
2012,Jura,20-29,141
2012,Jura,30-39,117
2012,Jura,40-49,53
2012,Jura,50-59,29
2012,Jura,60-69,-8
2012,Jura,70-79,6
2012,Jura,80-89,-5
2012,Jura,90-99,-7
2012,Jura,100-109,0
2012,Luzern,0-9,185
2012,Luzern,10-19,366
2012,Luzern,20-29,833
2012,Luzern,30-39,579
2012,Luzern,40-49,330
2012,Luzern,50-59,57
2012,Luzern,60-69,-103
2012,Luzern,70-79,-11
2012,Luzern,80-89,-15
2012,Luzern,90-99,-6
2012,Luzern,100-109,0
2012,Neuchâtel,0-9,117
2012,Neuchâtel,10-19,252
2012,Neuchâtel,20-29,555
2012,Neuchâtel,30-39,409
2012,Neuchâtel,40-49,253
2012,Neuchâtel,50-59,43
2012,Neuchâtel,60-69,-99
2012,Neuchâtel,70-79,-11
2012,Neuchâtel,80-89,-8
2012,Neuchâtel,90-99,-5
2012,Neuchâtel,100-109,0
2012,Nidwalden,0-9,32
2012,Nidwalden,10-19,14
2012,Nidwalden,20-29,87
2012,Nidwalden,30-39,100
2012,Nidwalden,40-49,74
2012,Nidwalden,50-59,31
2012,Nidwalden,60-69,-7
2012,Nidwalden,70-79,-8
2012,Nidwalden,80-89,-3
2012,Nidwalden,90-99,-1
2012,Nidwalden,100-109,0
2012,Obwalden,0-9,3
2012,Obwalden,10-19,20
2012,Obwalden,20-29,86
2012,Obwalden,30-39,85
2012,Obwalden,40-49,53
2012,Obwalden,50-59,5
2012,Obwalden,60-69,-7
2012,Obwalden,70-79,-3
2012,Obwalden,80-89,0
2012,Obwalden,90-99,1
2012,Obwalden,100-109,0
2012,Schaffhausen,0-9,84
2012,Schaffhausen,10-19,59
2012,Schaffhausen,20-29,258
2012,Schaffhausen,30-39,240
2012,Schaffhausen,40-49,90
2012,Schaffhausen,50-59,23
2012,Schaffhausen,60-69,-29
2012,Schaffhausen,70-79,1
2012,Schaffhausen,80-89,4
2012,Schaffhausen,90-99,-5
2012,Schaffhausen,100-109,-1
2012,Schwyz,0-9,64
2012,Schwyz,10-19,68
2012,Schwyz,20-29,393
2012,Schwyz,30-39,278
2012,Schwyz,40-49,142
2012,Schwyz,50-59,51
2012,Schwyz,60-69,-36
2012,Schwyz,70-79,1
2012,Schwyz,80-89,5
2012,Schwyz,90-99,0
2012,Schwyz,100-109,-1
2012,Solothurn,0-9,231
2012,Solothurn,10-19,214
2012,Solothurn,20-29,547
2012,Solothurn,30-39,493
2012,Solothurn,40-49,228
2012,Solothurn,50-59,49
2012,Solothurn,60-69,-93
2012,Solothurn,70-79,14
2012,Solothurn,80-89,8
2012,Solothurn,90-99,-2
2012,Solothurn,100-109,-1
2012,St. Gallen,0-9,320
2012,St. Gallen,10-19,439
2012,St. Gallen,20-29,1553
2012,St. Gallen,30-39,1002
2012,St. Gallen,40-49,567
2012,St. Gallen,50-59,67
2012,St. Gallen,60-69,-150
2012,St. Gallen,70-79,1
2012,St. Gallen,80-89,1
2012,St. Gallen,90-99,-2
2012,St. Gallen,100-109,0
2012,Thurgau,0-9,272
2012,Thurgau,10-19,161
2012,Thurgau,20-29,1015
2012,Thurgau,30-39,664
2012,Thurgau,40-49,369
2012,Thurgau,50-59,77
2012,Thurgau,60-69,-32
2012,Thurgau,70-79,14
2012,Thurgau,80-89,0
2012,Thurgau,90-99,0
2012,Thurgau,100-109,0
2012,Ticino,0-9,480
2012,Ticino,10-19,606
2012,Ticino,20-29,1275
2012,Ticino,30-39,1175
2012,Ticino,40-49,882
2012,Ticino,50-59,399
2012,Ticino,60-69,91
2012,Ticino,70-79,98
2012,Ticino,80-89,19
2012,Ticino,90-99,-3
2012,Ticino,100-109,-1
2012,Uri,0-9,26
2012,Uri,10-19,10
2012,Uri,20-29,108
2012,Uri,30-39,59
2012,Uri,40-49,39
2012,Uri,50-59,24
2012,Uri,60-69,0
2012,Uri,70-79,2
2012,Uri,80-89,2
2012,Uri,90-99,-2
2012,Uri,100-109,0
2012,Valais / Wallis,0-9,424
2012,Valais / Wallis,10-19,610
2012,Valais / Wallis,20-29,936
2012,Valais / Wallis,30-39,974
2012,Valais / Wallis,40-49,590
2012,Valais / Wallis,50-59,279
2012,Valais / Wallis,60-69,12
2012,Valais / Wallis,70-79,-3
2012,Valais / Wallis,80-89,0
2012,Valais / Wallis,90-99,-8
2012,Valais / Wallis,100-109,0
2012,Vaud,0-9,875
2012,Vaud,10-19,2180
2012,Vaud,20-29,3180
2012,Vaud,30-39,2615
2012,Vaud,40-49,1226
2012,Vaud,50-59,230
2012,Vaud,60-69,-296
2012,Vaud,70-79,12
2012,Vaud,80-89,-4
2012,Vaud,90-99,-5
2012,Vaud,100-109,0
2012,Zug,0-9,152
2012,Zug,10-19,30
2012,Zug,20-29,399
2012,Zug,30-39,464
2012,Zug,40-49,157
2012,Zug,50-59,34
2012,Zug,60-69,-56
2012,Zug,70-79,11
2012,Zug,80-89,3
2012,Zug,90-99,-2
2012,Zug,100-109,0
2012,Zürich,0-9,959
2012,Zürich,10-19,1120
2012,Zürich,20-29,6350
2012,Zürich,30-39,4063
2012,Zürich,40-49,1676
2012,Zürich,50-59,124
2012,Zürich,60-69,-569
2012,Zürich,70-79,-63
2012,Zürich,80-89,-10
2012,Zürich,90-99,-9
2012,Zürich,100-109,0
2013,Aargau,0-9,505
2013,Aargau,10-19,456
2013,Aargau,20-29,1968
2013,Aargau,30-39,1369
2013,Aargau,40-49,735
2013,Aargau,50-59,163
2013,Aargau,60-69,-223
2013,Aargau,70-79,-12
2013,Aargau,80-89,7
2013,Aargau,90-99,-6
2013,Aargau,100-109,0
2013,Appenzell Ausserrhoden,0-9,32
2013,Appenzell Ausserrhoden,10-19,35
2013,Appenzell Ausserrhoden,20-29,113
2013,Appenzell Ausserrhoden,30-39,102
2013,Appenzell Ausserrhoden,40-49,44
2013,Appenzell Ausserrhoden,50-59,7
2013,Appenzell Ausserrhoden,60-69,-11
2013,Appenzell Ausserrhoden,70-79,3
2013,Appenzell Ausserrhoden,80-89,-3
2013,Appenzell Ausserrhoden,90-99,-1
2013,Appenzell Ausserrhoden,100-109,0
2013,Appenzell Innerrhoden,0-9,2
2013,Appenzell Innerrhoden,10-19,1
2013,Appenzell Innerrhoden,20-29,39
2013,Appenzell Innerrhoden,30-39,18
2013,Appenzell Innerrhoden,40-49,15
2013,Appenzell Innerrhoden,50-59,2
2013,Appenzell Innerrhoden,60-69,-2
2013,Appenzell Innerrhoden,70-79,0
2013,Appenzell Innerrhoden,80-89,0
2013,Appenzell Innerrhoden,90-99,0
2013,Appenzell Innerrhoden,100-109,0
2013,Basel-Landschaft,0-9,299
2013,Basel-Landschaft,10-19,160
2013,Basel-Landschaft,20-29,561
2013,Basel-Landschaft,30-39,507
2013,Basel-Landschaft,40-49,202
2013,Basel-Landschaft,50-59,86
2013,Basel-Landschaft,60-69,-68
2013,Basel-Landschaft,70-79,9
2013,Basel-Landschaft,80-89,-10
2013,Basel-Landschaft,90-99,-2
2013,Basel-Landschaft,100-109,0
2013,Basel-Stadt,0-9,313
2013,Basel-Stadt,10-19,259
2013,Basel-Stadt,20-29,1301
2013,Basel-Stadt,30-39,961
2013,Basel-Stadt,40-49,485
2013,Basel-Stadt,50-59,106
2013,Basel-Stadt,60-69,-131
2013,Basel-Stadt,70-79,-35
2013,Basel-Stadt,80-89,-6
2013,Basel-Stadt,90-99,-7
2013,Basel-Stadt,100-109,0
2013,Bern / Berne,0-9,1035
2013,Bern / Berne,10-19,842
2013,Bern / Berne,20-29,2999
2013,Bern / Berne,30-39,2253
2013,Bern / Berne,40-49,1205
2013,Bern / Berne,50-59,436
2013,Bern / Berne,60-69,-147
2013,Bern / Berne,70-79,11
2013,Bern / Berne,80-89,10
2013,Bern / Berne,90-99,-3
2013,Bern / Berne,100-109,1
2013,Fribourg / Freiburg,0-9,521
2013,Fribourg / Freiburg,10-19,432
2013,Fribourg / Freiburg,20-29,918
2013,Fribourg / Freiburg,30-39,936
2013,Fribourg / Freiburg,40-49,561
2013,Fribourg / Freiburg,50-59,150
2013,Fribourg / Freiburg,60-69,-24
2013,Fribourg / Freiburg,70-79,20
2013,Fribourg / Freiburg,80-89,14
2013,Fribourg / Freiburg,90-99,-1
2013,Fribourg / Freiburg,100-109,0
2013,Genève,0-9,869
2013,Genève,10-19,1011
2013,Genève,20-29,3873
2013,Genève,30-39,2610
2013,Genève,40-49,1236
2013,Genève,50-59,387
2013,Genève,60-69,-315
2013,Genève,70-79,16
2013,Genève,80-89,23
2013,Genève,90-99,-9
2013,Genève,100-109,0
2013,Glarus,0-9,17
2013,Glarus,10-19,53
2013,Glarus,20-29,128
2013,Glarus,30-39,109
2013,Glarus,40-49,72
2013,Glarus,50-59,12
2013,Glarus,60-69,-20
2013,Glarus,70-79,1
2013,Glarus,80-89,-2
2013,Glarus,90-99,0
2013,Glarus,100-109,0
2013,Graubünden / Grigioni / Grischun,0-9,243
2013,Graubünden / Grigioni / Grischun,10-19,214
2013,Graubünden / Grigioni / Grischun,20-29,805
2013,Graubünden / Grigioni / Grischun,30-39,568
2013,Graubünden / Grigioni / Grischun,40-49,410
2013,Graubünden / Grigioni / Grischun,50-59,216
2013,Graubünden / Grigioni / Grischun,60-69,10
2013,Graubünden / Grigioni / Grischun,70-79,50
2013,Graubünden / Grigioni / Grischun,80-89,19
2013,Graubünden / Grigioni / Grischun,90-99,5
2013,Graubünden / Grigioni / Grischun,100-109,0
2013,Jura,0-9,124
2013,Jura,10-19,52
2013,Jura,20-29,200
2013,Jura,30-39,145
2013,Jura,40-49,107
2013,Jura,50-59,53
2013,Jura,60-69,9
2013,Jura,70-79,1
2013,Jura,80-89,-2
2013,Jura,90-99,-1
2013,Jura,100-109,0
2013,Luzern,0-9,288
2013,Luzern,10-19,483
2013,Luzern,20-29,1083
2013,Luzern,30-39,660
2013,Luzern,40-49,339
2013,Luzern,50-59,42
2013,Luzern,60-69,-69
2013,Luzern,70-79,-7
2013,Luzern,80-89,-21
2013,Luzern,90-99,-4
2013,Luzern,100-109,0
2013,Neuchâtel,0-9,319
2013,Neuchâtel,10-19,347
2013,Neuchâtel,20-29,812
2013,Neuchâtel,30-39,804
2013,Neuchâtel,40-49,379
2013,Neuchâtel,50-59,141
2013,Neuchâtel,60-69,-54
2013,Neuchâtel,70-79,-4
2013,Neuchâtel,80-89,8
2013,Neuchâtel,90-99,3
2013,Neuchâtel,100-109,-1
2013,Nidwalden,0-9,21
2013,Nidwalden,10-19,11
2013,Nidwalden,20-29,101
2013,Nidwalden,30-39,97
2013,Nidwalden,40-49,57
2013,Nidwalden,50-59,35
2013,Nidwalden,60-69,0
2013,Nidwalden,70-79,-5
2013,Nidwalden,80-89,4
2013,Nidwalden,90-99,1
2013,Nidwalden,100-109,0
2013,Obwalden,0-9,26
2013,Obwalden,10-19,12
2013,Obwalden,20-29,114
2013,Obwalden,30-39,58
2013,Obwalden,40-49,52
2013,Obwalden,50-59,23
2013,Obwalden,60-69,-2
2013,Obwalden,70-79,8
2013,Obwalden,80-89,-1
2013,Obwalden,90-99,0
2013,Obwalden,100-109,0
2013,Schaffhausen,0-9,111
2013,Schaffhausen,10-19,104
2013,Schaffhausen,20-29,307
2013,Schaffhausen,30-39,209
2013,Schaffhausen,40-49,137
2013,Schaffhausen,50-59,63
2013,Schaffhausen,60-69,15
2013,Schaffhausen,70-79,7
2013,Schaffhausen,80-89,8
2013,Schaffhausen,90-99,5
2013,Schaffhausen,100-109,0
2013,Schwyz,0-9,80
2013,Schwyz,10-19,59
2013,Schwyz,20-29,366
2013,Schwyz,30-39,283
2013,Schwyz,40-49,118
2013,Schwyz,50-59,48
2013,Schwyz,60-69,-52
2013,Schwyz,70-79,-1
2013,Schwyz,80-89,3
2013,Schwyz,90-99,-2
2013,Schwyz,100-109,0
2013,Solothurn,0-9,227
2013,Solothurn,10-19,187
2013,Solothurn,20-29,640
2013,Solothurn,30-39,466
2013,Solothurn,40-49,290
2013,Solothurn,50-59,82
2013,Solothurn,60-69,-27
2013,Solothurn,70-79,8
2013,Solothurn,80-89,-3
2013,Solothurn,90-99,-2
2013,Solothurn,100-109,0
2013,St. Gallen,0-9,374
2013,St. Gallen,10-19,485
2013,St. Gallen,20-29,1589
2013,St. Gallen,30-39,1130
2013,St. Gallen,40-49,579
2013,St. Gallen,50-59,80
2013,St. Gallen,60-69,-136
2013,St. Gallen,70-79,-26
2013,St. Gallen,80-89,-19
2013,St. Gallen,90-99,1
2013,St. Gallen,100-109,0
2013,Thurgau,0-9,254
2013,Thurgau,10-19,263
2013,Thurgau,20-29,904
2013,Thurgau,30-39,663
2013,Thurgau,40-49,439
2013,Thurgau,50-59,34
2013,Thurgau,60-69,-67
2013,Thurgau,70-79,-18
2013,Thurgau,80-89,-2
2013,Thurgau,90-99,-1
2013,Thurgau,100-109,0
2013,Ticino,0-9,699
2013,Ticino,10-19,637
2013,Ticino,20-29,1130
2013,Ticino,30-39,1213
2013,Ticino,40-49,1018
2013,Ticino,50-59,487
2013,Ticino,60-69,113
2013,Ticino,70-79,83
2013,Ticino,80-89,16
2013,Ticino,90-99,0
2013,Ticino,100-109,1
2013,Uri,0-9,33
2013,Uri,10-19,20
2013,Uri,20-29,96
2013,Uri,30-39,57
2013,Uri,40-49,54
2013,Uri,50-59,24
2013,Uri,60-69,-17
2013,Uri,70-79,-2
2013,Uri,80-89,0
2013,Uri,90-99,0
2013,Uri,100-109,0
2013,Valais / Wallis,0-9,516
2013,Valais / Wallis,10-19,867
2013,Valais / Wallis,20-29,1096
2013,Valais / Wallis,30-39,1051
2013,Valais / Wallis,40-49,675
2013,Valais / Wallis,50-59,299
2013,Valais / Wallis,60-69,49
2013,Valais / Wallis,70-79,79
2013,Valais / Wallis,80-89,26
2013,Valais / Wallis,90-99,11
2013,Valais / Wallis,100-109,0
2013,Vaud,0-9,1417
2013,Vaud,10-19,2651
2013,Vaud,20-29,3702
2013,Vaud,30-39,2864
2013,Vaud,40-49,1517
2013,Vaud,50-59,308
2013,Vaud,60-69,-298
2013,Vaud,70-79,39
2013,Vaud,80-89,45
2013,Vaud,90-99,0
2013,Vaud,100-109,-1
2013,Zug,0-9,191
2013,Zug,10-19,109
2013,Zug,20-29,377
2013,Zug,30-39,375
2013,Zug,40-49,234
2013,Zug,50-59,17
2013,Zug,60-69,-75
2013,Zug,70-79,-4
2013,Zug,80-89,-2
2013,Zug,90-99,-1
2013,Zug,100-109,0
2013,Zürich,0-9,1153
2013,Zürich,10-19,1340
2013,Zürich,20-29,6186
2013,Zürich,30-39,3798
2013,Zürich,40-49,1640
2013,Zürich,50-59,133
2013,Zürich,60-69,-588
2013,Zürich,70-79,-30
2013,Zürich,80-89,2
2013,Zürich,90-99,-10
2013,Zürich,100-109,-1
2014,Aargau,0-9,551
2014,Aargau,10-19,455
2014,Aargau,20-29,1811
2014,Aargau,30-39,1426
2014,Aargau,40-49,847
2014,Aargau,50-59,150
2014,Aargau,60-69,-229
2014,Aargau,70-79,-32
2014,Aargau,80-89,7
2014,Aargau,90-99,-1
2014,Aargau,100-109,0
2014,Appenzell Ausserrhoden,0-9,38
2014,Appenzell Ausserrhoden,10-19,22
2014,Appenzell Ausserrhoden,20-29,78
2014,Appenzell Ausserrhoden,30-39,69
2014,Appenzell Ausserrhoden,40-49,36
2014,Appenzell Ausserrhoden,50-59,0
2014,Appenzell Ausserrhoden,60-69,-5
2014,Appenzell Ausserrhoden,70-79,3
2014,Appenzell Ausserrhoden,80-89,2
2014,Appenzell Ausserrhoden,90-99,1
2014,Appenzell Ausserrhoden,100-109,0
2014,Appenzell Innerrhoden,0-9,-4
2014,Appenzell Innerrhoden,10-19,10
2014,Appenzell Innerrhoden,20-29,28
2014,Appenzell Innerrhoden,30-39,5
2014,Appenzell Innerrhoden,40-49,13
2014,Appenzell Innerrhoden,50-59,3
2014,Appenzell Innerrhoden,60-69,-3
2014,Appenzell Innerrhoden,70-79,-1
2014,Appenzell Innerrhoden,80-89,-1
2014,Appenzell Innerrhoden,90-99,0
2014,Appenzell Innerrhoden,100-109,0
2014,Basel-Landschaft,0-9,235
2014,Basel-Landschaft,10-19,94
2014,Basel-Landschaft,20-29,653
2014,Basel-Landschaft,30-39,479
2014,Basel-Landschaft,40-49,247
2014,Basel-Landschaft,50-59,46
2014,Basel-Landschaft,60-69,-80
2014,Basel-Landschaft,70-79,-7
2014,Basel-Landschaft,80-89,-8
2014,Basel-Landschaft,90-99,-3
2014,Basel-Landschaft,100-109,0
2014,Basel-Stadt,0-9,156
2014,Basel-Stadt,10-19,227
2014,Basel-Stadt,20-29,1182
2014,Basel-Stadt,30-39,751
2014,Basel-Stadt,40-49,414
2014,Basel-Stadt,50-59,42
2014,Basel-Stadt,60-69,-129
2014,Basel-Stadt,70-79,-27
2014,Basel-Stadt,80-89,-7
2014,Basel-Stadt,90-99,1
2014,Basel-Stadt,100-109,-1
2014,Bern / Berne,0-9,775
2014,Bern / Berne,10-19,645
2014,Bern / Berne,20-29,2467
2014,Bern / Berne,30-39,1926
2014,Bern / Berne,40-49,1069
2014,Bern / Berne,50-59,293
2014,Bern / Berne,60-69,-177
2014,Bern / Berne,70-79,42
2014,Bern / Berne,80-89,5
2014,Bern / Berne,90-99,-2
2014,Bern / Berne,100-109,0
2014,Fribourg / Freiburg,0-9,355
2014,Fribourg / Freiburg,10-19,410
2014,Fribourg / Freiburg,20-29,797
2014,Fribourg / Freiburg,30-39,754
2014,Fribourg / Freiburg,40-49,438
2014,Fribourg / Freiburg,50-59,51
2014,Fribourg / Freiburg,60-69,-37
2014,Fribourg / Freiburg,70-79,5
2014,Fribourg / Freiburg,80-89,1
2014,Fribourg / Freiburg,90-99,0
2014,Fribourg / Freiburg,100-109,0
2014,Genève,0-9,824
2014,Genève,10-19,945
2014,Genève,20-29,3451
2014,Genève,30-39,2683
2014,Genève,40-49,1434
2014,Genève,50-59,557
2014,Genève,60-69,-279
2014,Genève,70-79,31
2014,Genève,80-89,1
2014,Genève,90-99,2
2014,Genève,100-109,1
2014,Glarus,0-9,26
2014,Glarus,10-19,37
2014,Glarus,20-29,124
2014,Glarus,30-39,81
2014,Glarus,40-49,60
2014,Glarus,50-59,17
2014,Glarus,60-69,-16
2014,Glarus,70-79,6
2014,Glarus,80-89,1
2014,Glarus,90-99,0
2014,Glarus,100-109,0
2014,Graubünden / Grigioni / Grischun,0-9,125
2014,Graubünden / Grigioni / Grischun,10-19,188
2014,Graubünden / Grigioni / Grischun,20-29,643
2014,Graubünden / Grigioni / Grischun,30-39,447
2014,Graubünden / Grigioni / Grischun,40-49,300
2014,Graubünden / Grigioni / Grischun,50-59,95
2014,Graubünden / Grigioni / Grischun,60-69,-70
2014,Graubünden / Grigioni / Grischun,70-79,18
2014,Graubünden / Grigioni / Grischun,80-89,9
2014,Graubünden / Grigioni / Grischun,90-99,0
2014,Graubünden / Grigioni / Grischun,100-109,0
2014,Jura,0-9,94
2014,Jura,10-19,57
2014,Jura,20-29,147
2014,Jura,30-39,143
2014,Jura,40-49,83
2014,Jura,50-59,33
2014,Jura,60-69,-17
2014,Jura,70-79,9
2014,Jura,80-89,4
2014,Jura,90-99,0
2014,Jura,100-109,0
2014,Luzern,0-9,215
2014,Luzern,10-19,470
2014,Luzern,20-29,1035
2014,Luzern,30-39,751
2014,Luzern,40-49,339
2014,Luzern,50-59,79
2014,Luzern,60-69,-129
2014,Luzern,70-79,-8
2014,Luzern,80-89,-5
2014,Luzern,90-99,-13
2014,Luzern,100-109,0
2014,Neuchâtel,0-9,173
2014,Neuchâtel,10-19,257
2014,Neuchâtel,20-29,613
2014,Neuchâtel,30-39,474
2014,Neuchâtel,40-49,258
2014,Neuchâtel,50-59,75
2014,Neuchâtel,60-69,-91
2014,Neuchâtel,70-79,4
2014,Neuchâtel,80-89,-5
2014,Neuchâtel,90-99,0
2014,Neuchâtel,100-109,0
2014,Nidwalden,0-9,12
2014,Nidwalden,10-19,16
2014,Nidwalden,20-29,89
2014,Nidwalden,30-39,95
2014,Nidwalden,40-49,57
2014,Nidwalden,50-59,20
2014,Nidwalden,60-69,-15
2014,Nidwalden,70-79,-4
2014,Nidwalden,80-89,0
2014,Nidwalden,90-99,-1
2014,Nidwalden,100-109,0
2014,Obwalden,0-9,16
2014,Obwalden,10-19,34
2014,Obwalden,20-29,50
2014,Obwalden,30-39,67
2014,Obwalden,40-49,33
2014,Obwalden,50-59,33
2014,Obwalden,60-69,-2
2014,Obwalden,70-79,-2
2014,Obwalden,80-89,-2
2014,Obwalden,90-99,2
2014,Obwalden,100-109,0
2014,Schaffhausen,0-9,60
2014,Schaffhausen,10-19,59
2014,Schaffhausen,20-29,236
2014,Schaffhausen,30-39,179
2014,Schaffhausen,40-49,105
2014,Schaffhausen,50-59,39
2014,Schaffhausen,60-69,-27
2014,Schaffhausen,70-79,-11
2014,Schaffhausen,80-89,2
2014,Schaffhausen,90-99,1
2014,Schaffhausen,100-109,0
2014,Schwyz,0-9,34
2014,Schwyz,10-19,64
2014,Schwyz,20-29,278
2014,Schwyz,30-39,165
2014,Schwyz,40-49,100
2014,Schwyz,50-59,-25
2014,Schwyz,60-69,-57
2014,Schwyz,70-79,8
2014,Schwyz,80-89,-1
2014,Schwyz,90-99,-1
2014,Schwyz,100-109,0
2014,Solothurn,0-9,200
2014,Solothurn,10-19,171
2014,Solothurn,20-29,652
2014,Solothurn,30-39,474
2014,Solothurn,40-49,303
2014,Solothurn,50-59,63
2014,Solothurn,60-69,-37
2014,Solothurn,70-79,-3
2014,Solothurn,80-89,5
2014,Solothurn,90-99,-3
2014,Solothurn,100-109,0
2014,St. Gallen,0-9,411
2014,St. Gallen,10-19,423
2014,St. Gallen,20-29,1663
2014,St. Gallen,30-39,1168
2014,St. Gallen,40-49,572
2014,St. Gallen,50-59,57
2014,St. Gallen,60-69,-202
2014,St. Gallen,70-79,13
2014,St. Gallen,80-89,-5
2014,St. Gallen,90-99,-5
2014,St. Gallen,100-109,-1
2014,Thurgau,0-9,234
2014,Thurgau,10-19,231
2014,Thurgau,20-29,854
2014,Thurgau,30-39,654
2014,Thurgau,40-49,312
2014,Thurgau,50-59,34
2014,Thurgau,60-69,-99
2014,Thurgau,70-79,-2
2014,Thurgau,80-89,-4
2014,Thurgau,90-99,-2
2014,Thurgau,100-109,0
2014,Ticino,0-9,525
2014,Ticino,10-19,365
2014,Ticino,20-29,821
2014,Ticino,30-39,1002
2014,Ticino,40-49,857
2014,Ticino,50-59,386
2014,Ticino,60-69,115
2014,Ticino,70-79,116
2014,Ticino,80-89,43
2014,Ticino,90-99,-2
2014,Ticino,100-109,-1
2014,Uri,0-9,45
2014,Uri,10-19,11
2014,Uri,20-29,58
2014,Uri,30-39,82
2014,Uri,40-49,55
2014,Uri,50-59,-7
2014,Uri,60-69,6
2014,Uri,70-79,2
2014,Uri,80-89,-2
2014,Uri,90-99,0
2014,Uri,100-109,0
2014,Valais / Wallis,0-9,328
2014,Valais / Wallis,10-19,738
2014,Valais / Wallis,20-29,977
2014,Valais / Wallis,30-39,834
2014,Valais / Wallis,40-49,509
2014,Valais / Wallis,50-59,202
2014,Valais / Wallis,60-69,21
2014,Valais / Wallis,70-79,40
2014,Valais / Wallis,80-89,-2
2014,Valais / Wallis,90-99,-8
2014,Valais / Wallis,100-109,0
2014,Vaud,0-9,887
2014,Vaud,10-19,1881
2014,Vaud,20-29,2313
2014,Vaud,30-39,2149
2014,Vaud,40-49,1076
2014,Vaud,50-59,237
2014,Vaud,60-69,-350
2014,Vaud,70-79,2
2014,Vaud,80-89,19
2014,Vaud,90-99,-4
2014,Vaud,100-109,0
2014,Zug,0-9,148
2014,Zug,10-19,-20
2014,Zug,20-29,334
2014,Zug,30-39,410
2014,Zug,40-49,123
2014,Zug,50-59,-2
2014,Zug,60-69,-56
2014,Zug,70-79,0
2014,Zug,80-89,8
2014,Zug,90-99,-2
2014,Zug,100-109,0
2014,Zürich,0-9,1045
2014,Zürich,10-19,1144
2014,Zürich,20-29,6907
2014,Zürich,30-39,4087
2014,Zürich,40-49,1634
2014,Zürich,50-59,211
2014,Zürich,60-69,-639
2014,Zürich,70-79,-131
2014,Zürich,80-89,-23
2014,Zürich,90-99,-6
2014,Zürich,100-109,-1
2015,Aargau,0-9,480
2015,Aargau,10-19,559
2015,Aargau,20-29,2073
2015,Aargau,30-39,1323
2015,Aargau,40-49,793
2015,Aargau,50-59,146
2015,Aargau,60-69,-204
2015,Aargau,70-79,-45
2015,Aargau,80-89,-18
2015,Aargau,90-99,2
2015,Aargau,100-109,0
2015,Appenzell Ausserrhoden,0-9,40
2015,Appenzell Ausserrhoden,10-19,49
2015,Appenzell Ausserrhoden,20-29,137
2015,Appenzell Ausserrhoden,30-39,66
2015,Appenzell Ausserrhoden,40-49,54
2015,Appenzell Ausserrhoden,50-59,14
2015,Appenzell Ausserrhoden,60-69,-20
2015,Appenzell Ausserrhoden,70-79,2
2015,Appenzell Ausserrhoden,80-89,1
2015,Appenzell Ausserrhoden,90-99,-1
2015,Appenzell Ausserrhoden,100-109,0
2015,Appenzell Innerrhoden,0-9,-3
2015,Appenzell Innerrhoden,10-19,11
2015,Appenzell Innerrhoden,20-29,26
2015,Appenzell Innerrhoden,30-39,26
2015,Appenzell Innerrhoden,40-49,9
2015,Appenzell Innerrhoden,50-59,-2
2015,Appenzell Innerrhoden,60-69,-2
2015,Appenzell Innerrhoden,70-79,-3
2015,Appenzell Innerrhoden,80-89,0
2015,Appenzell Innerrhoden,90-99,0
2015,Appenzell Innerrhoden,100-109,0
2015,Basel-Landschaft,0-9,185
2015,Basel-Landschaft,10-19,152
2015,Basel-Landschaft,20-29,582
2015,Basel-Landschaft,30-39,450
2015,Basel-Landschaft,40-49,247
2015,Basel-Landschaft,50-59,-14
2015,Basel-Landschaft,60-69,-104
2015,Basel-Landschaft,70-79,-18
2015,Basel-Landschaft,80-89,-8
2015,Basel-Landschaft,90-99,2
2015,Basel-Landschaft,100-109,0
2015,Basel-Stadt,0-9,217
2015,Basel-Stadt,10-19,212
2015,Basel-Stadt,20-29,1130
2015,Basel-Stadt,30-39,806
2015,Basel-Stadt,40-49,323
2015,Basel-Stadt,50-59,71
2015,Basel-Stadt,60-69,-148
2015,Basel-Stadt,70-79,-36
2015,Basel-Stadt,80-89,-5
2015,Basel-Stadt,90-99,-2
2015,Basel-Stadt,100-109,0
2015,Bern / Berne,0-9,655
2015,Bern / Berne,10-19,921
2015,Bern / Berne,20-29,2810
2015,Bern / Berne,30-39,1637
2015,Bern / Berne,40-49,905
2015,Bern / Berne,50-59,209
2015,Bern / Berne,60-69,-268
2015,Bern / Berne,70-79,-31
2015,Bern / Berne,80-89,-18
2015,Bern / Berne,90-99,4
2015,Bern / Berne,100-109,0
2015,Fribourg / Freiburg,0-9,231
2015,Fribourg / Freiburg,10-19,249
2015,Fribourg / Freiburg,20-29,604
2015,Fribourg / Freiburg,30-39,470
2015,Fribourg / Freiburg,40-49,281
2015,Fribourg / Freiburg,50-59,2
2015,Fribourg / Freiburg,60-69,-99
2015,Fribourg / Freiburg,70-79,6
2015,Fribourg / Freiburg,80-89,6
2015,Fribourg / Freiburg,90-99,-3
2015,Fribourg / Freiburg,100-109,0
2015,Genève,0-9,842
2015,Genève,10-19,1033
2015,Genève,20-29,3044
2015,Genève,30-39,2393
2015,Genève,40-49,1286
2015,Genève,50-59,262
2015,Genève,60-69,-470
2015,Genève,70-79,-72
2015,Genève,80-89,-11
2015,Genève,90-99,2
2015,Genève,100-109,0
2015,Glarus,0-9,33
2015,Glarus,10-19,35
2015,Glarus,20-29,156
2015,Glarus,30-39,116
2015,Glarus,40-49,50
2015,Glarus,50-59,17
2015,Glarus,60-69,-13
2015,Glarus,70-79,1
2015,Glarus,80-89,1
2015,Glarus,90-99,1
2015,Glarus,100-109,0
2015,Graubünden / Grigioni / Grischun,0-9,148
2015,Graubünden / Grigioni / Grischun,10-19,214
2015,Graubünden / Grigioni / Grischun,20-29,625
2015,Graubünden / Grigioni / Grischun,30-39,431
2015,Graubünden / Grigioni / Grischun,40-49,304
2015,Graubünden / Grigioni / Grischun,50-59,60
2015,Graubünden / Grigioni / Grischun,60-69,-90
2015,Graubünden / Grigioni / Grischun,70-79,-10
2015,Graubünden / Grigioni / Grischun,80-89,-13
2015,Graubünden / Grigioni / Grischun,90-99,-4
2015,Graubünden / Grigioni / Grischun,100-109,1
2015,Jura,0-9,58
2015,Jura,10-19,73
2015,Jura,20-29,174
2015,Jura,30-39,99
2015,Jura,40-49,79
2015,Jura,50-59,24
2015,Jura,60-69,-13
2015,Jura,70-79,7
2015,Jura,80-89,6
2015,Jura,90-99,-1
2015,Jura,100-109,0
2015,Luzern,0-9,295
2015,Luzern,10-19,463
2015,Luzern,20-29,1159
2015,Luzern,30-39,646
2015,Luzern,40-49,339
2015,Luzern,50-59,37
2015,Luzern,60-69,-161
2015,Luzern,70-79,-25
2015,Luzern,80-89,-24
2015,Luzern,90-99,-11
2015,Luzern,100-109,-1
2015,Neuchâtel,0-9,156
2015,Neuchâtel,10-19,234
2015,Neuchâtel,20-29,610
2015,Neuchâtel,30-39,383
2015,Neuchâtel,40-49,241
2015,Neuchâtel,50-59,25
2015,Neuchâtel,60-69,-66
2015,Neuchâtel,70-79,-2
2015,Neuchâtel,80-89,-9
2015,Neuchâtel,90-99,1
2015,Neuchâtel,100-109,0
2015,Nidwalden,0-9,23
2015,Nidwalden,10-19,26
2015,Nidwalden,20-29,104
2015,Nidwalden,30-39,61
2015,Nidwalden,40-49,38
2015,Nidwalden,50-59,-12
2015,Nidwalden,60-69,-17
2015,Nidwalden,70-79,-13
2015,Nidwalden,80-89,-2
2015,Nidwalden,90-99,1
2015,Nidwalden,100-109,0
2015,Obwalden,0-9,23
2015,Obwalden,10-19,15
2015,Obwalden,20-29,105
2015,Obwalden,30-39,48
2015,Obwalden,40-49,33
2015,Obwalden,50-59,7
2015,Obwalden,60-69,-14
2015,Obwalden,70-79,-3
2015,Obwalden,80-89,-2
2015,Obwalden,90-99,0
2015,Obwalden,100-109,0
2015,Schaffhausen,0-9,45
2015,Schaffhausen,10-19,70
2015,Schaffhausen,20-29,269
2015,Schaffhausen,30-39,170
2015,Schaffhausen,40-49,84
2015,Schaffhausen,50-59,-18
2015,Schaffhausen,60-69,-68
2015,Schaffhausen,70-79,2
2015,Schaffhausen,80-89,-4
2015,Schaffhausen,90-99,2
2015,Schaffhausen,100-109,0
2015,Schwyz,0-9,20
2015,Schwyz,10-19,59
2015,Schwyz,20-29,338
2015,Schwyz,30-39,148
2015,Schwyz,40-49,104
2015,Schwyz,50-59,-6
2015,Schwyz,60-69,-63
2015,Schwyz,70-79,1
2015,Schwyz,80-89,-8
2015,Schwyz,90-99,0
2015,Schwyz,100-109,0
2015,Solothurn,0-9,183
2015,Solothurn,10-19,224
2015,Solothurn,20-29,759
2015,Solothurn,30-39,572
2015,Solothurn,40-49,326
2015,Solothurn,50-59,25
2015,Solothurn,60-69,-124
2015,Solothurn,70-79,-18
2015,Solothurn,80-89,-4
2015,Solothurn,90-99,0
2015,Solothurn,100-109,0
2015,St. Gallen,0-9,296
2015,St. Gallen,10-19,489
2015,St. Gallen,20-29,1546
2015,St. Gallen,30-39,843
2015,St. Gallen,40-49,422
2015,St. Gallen,50-59,22
2015,St. Gallen,60-69,-271
2015,St. Gallen,70-79,-25
2015,St. Gallen,80-89,7
2015,St. Gallen,90-99,0
2015,St. Gallen,100-109,0
2015,Thurgau,0-9,115
2015,Thurgau,10-19,194
2015,Thurgau,20-29,843
2015,Thurgau,30-39,571
2015,Thurgau,40-49,249
2015,Thurgau,50-59,26
2015,Thurgau,60-69,-151
2015,Thurgau,70-79,-13
2015,Thurgau,80-89,-5
2015,Thurgau,90-99,-2
2015,Thurgau,100-109,0
2015,Ticino,0-9,399
2015,Ticino,10-19,440
2015,Ticino,20-29,732
2015,Ticino,30-39,701
2015,Ticino,40-49,410
2015,Ticino,50-59,116
2015,Ticino,60-69,-75
2015,Ticino,70-79,26
2015,Ticino,80-89,-13
2015,Ticino,90-99,2
2015,Ticino,100-109,0
2015,Uri,0-9,5
2015,Uri,10-19,25
2015,Uri,20-29,72
2015,Uri,30-39,49
2015,Uri,40-49,6
2015,Uri,50-59,7
2015,Uri,60-69,-11
2015,Uri,70-79,1
2015,Uri,80-89,-1
2015,Uri,90-99,0
2015,Uri,100-109,0
2015,Valais / Wallis,0-9,329
2015,Valais / Wallis,10-19,576
2015,Valais / Wallis,20-29,722
2015,Valais / Wallis,30-39,775
2015,Valais / Wallis,40-49,423
2015,Valais / Wallis,50-59,131
2015,Valais / Wallis,60-69,-98
2015,Valais / Wallis,70-79,10
2015,Valais / Wallis,80-89,-1
2015,Valais / Wallis,90-99,-7
2015,Valais / Wallis,100-109,0
2015,Vaud,0-9,1170
2015,Vaud,10-19,2320
2015,Vaud,20-29,3200
2015,Vaud,30-39,2167
2015,Vaud,40-49,1101
2015,Vaud,50-59,221
2015,Vaud,60-69,-422
2015,Vaud,70-79,5
2015,Vaud,80-89,2
2015,Vaud,90-99,3
2015,Vaud,100-109,0
2015,Zug,0-9,123
2015,Zug,10-19,86
2015,Zug,20-29,392
2015,Zug,30-39,331
2015,Zug,40-49,132
2015,Zug,50-59,14
2015,Zug,60-69,-82
2015,Zug,70-79,-18
2015,Zug,80-89,1
2015,Zug,90-99,1
2015,Zug,100-109,0
2015,Zürich,0-9,927
2015,Zürich,10-19,1247
2015,Zürich,20-29,6978
2015,Zürich,30-39,4369
2015,Zürich,40-49,1405
2015,Zürich,50-59,123
2015,Zürich,60-69,-605
2015,Zürich,70-79,-39
2015,Zürich,80-89,-25
2015,Zürich,90-99,-12
2015,Zürich,100-109,-1
2016,Aargau,0-9,531
2016,Aargau,10-19,768
2016,Aargau,20-29,2363
2016,Aargau,30-39,1448
2016,Aargau,40-49,721
2016,Aargau,50-59,-8
2016,Aargau,60-69,-330
2016,Aargau,70-79,-32
2016,Aargau,80-89,-20
2016,Aargau,90-99,-6
2016,Aargau,100-109,0
2016,Appenzell Ausserrhoden,0-9,27
2016,Appenzell Ausserrhoden,10-19,47
2016,Appenzell Ausserrhoden,20-29,143
2016,Appenzell Ausserrhoden,30-39,97
2016,Appenzell Ausserrhoden,40-49,38
2016,Appenzell Ausserrhoden,50-59,6
2016,Appenzell Ausserrhoden,60-69,-28
2016,Appenzell Ausserrhoden,70-79,0
2016,Appenzell Ausserrhoden,80-89,0
2016,Appenzell Ausserrhoden,90-99,-1
2016,Appenzell Ausserrhoden,100-109,0
2016,Appenzell Innerrhoden,0-9,9
2016,Appenzell Innerrhoden,10-19,17
2016,Appenzell Innerrhoden,20-29,34
2016,Appenzell Innerrhoden,30-39,20
2016,Appenzell Innerrhoden,40-49,9
2016,Appenzell Innerrhoden,50-59,0
2016,Appenzell Innerrhoden,60-69,-16
2016,Appenzell Innerrhoden,70-79,4
2016,Appenzell Innerrhoden,80-89,-1
2016,Appenzell Innerrhoden,90-99,0
2016,Appenzell Innerrhoden,100-109,0
2016,Basel-Landschaft,0-9,185
2016,Basel-Landschaft,10-19,247
2016,Basel-Landschaft,20-29,575
2016,Basel-Landschaft,30-39,380
2016,Basel-Landschaft,40-49,155
2016,Basel-Landschaft,50-59,-23
2016,Basel-Landschaft,60-69,-110
2016,Basel-Landschaft,70-79,-22
2016,Basel-Landschaft,80-89,-5
2016,Basel-Landschaft,90-99,-3
2016,Basel-Landschaft,100-109,0
2016,Basel-Stadt,0-9,199
2016,Basel-Stadt,10-19,364
2016,Basel-Stadt,20-29,1232
2016,Basel-Stadt,30-39,754
2016,Basel-Stadt,40-49,448
2016,Basel-Stadt,50-59,92
2016,Basel-Stadt,60-69,-149
2016,Basel-Stadt,70-79,-46
2016,Basel-Stadt,80-89,-1
2016,Basel-Stadt,90-99,-6
2016,Basel-Stadt,100-109,0
2016,Bern / Berne,0-9,932
2016,Bern / Berne,10-19,1195
2016,Bern / Berne,20-29,3214
2016,Bern / Berne,30-39,1739
2016,Bern / Berne,40-49,779
2016,Bern / Berne,50-59,99
2016,Bern / Berne,60-69,-255
2016,Bern / Berne,70-79,-15
2016,Bern / Berne,80-89,-6
2016,Bern / Berne,90-99,2
2016,Bern / Berne,100-109,0
2016,Fribourg / Freiburg,0-9,314
2016,Fribourg / Freiburg,10-19,378
2016,Fribourg / Freiburg,20-29,646
2016,Fribourg / Freiburg,30-39,529
2016,Fribourg / Freiburg,40-49,193
2016,Fribourg / Freiburg,50-59,-34
2016,Fribourg / Freiburg,60-69,-117
2016,Fribourg / Freiburg,70-79,-13
2016,Fribourg / Freiburg,80-89,2
2016,Fribourg / Freiburg,90-99,1
2016,Fribourg / Freiburg,100-109,0
2016,Genève,0-9,572
2016,Genève,10-19,922
2016,Genève,20-29,2549
2016,Genève,30-39,1657
2016,Genève,40-49,474
2016,Genève,50-59,13
2016,Genève,60-69,-769
2016,Genève,70-79,-158
2016,Genève,80-89,-45
2016,Genève,90-99,-15
2016,Genève,100-109,0
2016,Glarus,0-9,25
2016,Glarus,10-19,60
2016,Glarus,20-29,136
2016,Glarus,30-39,52
2016,Glarus,40-49,24
2016,Glarus,50-59,-15
2016,Glarus,60-69,-27
2016,Glarus,70-79,2
2016,Glarus,80-89,0
2016,Glarus,90-99,0
2016,Glarus,100-109,0
2016,Graubünden / Grigioni / Grischun,0-9,102
2016,Graubünden / Grigioni / Grischun,10-19,267
2016,Graubünden / Grigioni / Grischun,20-29,685
2016,Graubünden / Grigioni / Grischun,30-39,379
2016,Graubünden / Grigioni / Grischun,40-49,275
2016,Graubünden / Grigioni / Grischun,50-59,59
2016,Graubünden / Grigioni / Grischun,60-69,-86
2016,Graubünden / Grigioni / Grischun,70-79,-3
2016,Graubünden / Grigioni / Grischun,80-89,-7
2016,Graubünden / Grigioni / Grischun,90-99,-1
2016,Graubünden / Grigioni / Grischun,100-109,-1
2016,Jura,0-9,37
2016,Jura,10-19,70
2016,Jura,20-29,150
2016,Jura,30-39,86
2016,Jura,40-49,5
2016,Jura,50-59,-54
2016,Jura,60-69,-41
2016,Jura,70-79,-26
2016,Jura,80-89,-23
2016,Jura,90-99,-8
2016,Jura,100-109,-2
2016,Luzern,0-9,341
2016,Luzern,10-19,687
2016,Luzern,20-29,1500
2016,Luzern,30-39,806
2016,Luzern,40-49,246
2016,Luzern,50-59,-27
2016,Luzern,60-69,-144
2016,Luzern,70-79,-20
2016,Luzern,80-89,-9
2016,Luzern,90-99,-5
2016,Luzern,100-109,0
2016,Neuchâtel,0-9,117
2016,Neuchâtel,10-19,247
2016,Neuchâtel,20-29,476
2016,Neuchâtel,30-39,368
2016,Neuchâtel,40-49,144
2016,Neuchâtel,50-59,-34
2016,Neuchâtel,60-69,-84
2016,Neuchâtel,70-79,-17
2016,Neuchâtel,80-89,-3
2016,Neuchâtel,90-99,-5
2016,Neuchâtel,100-109,0
2016,Nidwalden,0-9,17
2016,Nidwalden,10-19,49
2016,Nidwalden,20-29,100
2016,Nidwalden,30-39,19
2016,Nidwalden,40-49,27
2016,Nidwalden,50-59,10
2016,Nidwalden,60-69,-22
2016,Nidwalden,70-79,-1
2016,Nidwalden,80-89,0
2016,Nidwalden,90-99,-2
2016,Nidwalden,100-109,0
2016,Obwalden,0-9,14
2016,Obwalden,10-19,16
2016,Obwalden,20-29,137
2016,Obwalden,30-39,59
2016,Obwalden,40-49,24
2016,Obwalden,50-59,1
2016,Obwalden,60-69,-12
2016,Obwalden,70-79,-1
2016,Obwalden,80-89,0
2016,Obwalden,90-99,-1
2016,Obwalden,100-109,0
2016,Schaffhausen,0-9,100
2016,Schaffhausen,10-19,141
2016,Schaffhausen,20-29,334
2016,Schaffhausen,30-39,204
2016,Schaffhausen,40-49,83
2016,Schaffhausen,50-59,7
2016,Schaffhausen,60-69,-68
2016,Schaffhausen,70-79,-14
2016,Schaffhausen,80-89,-3
2016,Schaffhausen,90-99,0
2016,Schaffhausen,100-109,0
2016,Schwyz,0-9,86
2016,Schwyz,10-19,151
2016,Schwyz,20-29,425
2016,Schwyz,30-39,237
2016,Schwyz,40-49,89
2016,Schwyz,50-59,9
2016,Schwyz,60-69,-66
2016,Schwyz,70-79,-9
2016,Schwyz,80-89,1
2016,Schwyz,90-99,-2
2016,Schwyz,100-109,0
2016,Solothurn,0-9,300
2016,Solothurn,10-19,358
2016,Solothurn,20-29,967
2016,Solothurn,30-39,497
2016,Solothurn,40-49,235
2016,Solothurn,50-59,-24
2016,Solothurn,60-69,-75
2016,Solothurn,70-79,-5
2016,Solothurn,80-89,-5
2016,Solothurn,90-99,1
2016,Solothurn,100-109,0
2016,St. Gallen,0-9,379
2016,St. Gallen,10-19,740
2016,St. Gallen,20-29,1774
2016,St. Gallen,30-39,842
2016,St. Gallen,40-49,334
2016,St. Gallen,50-59,-45
2016,St. Gallen,60-69,-227
2016,St. Gallen,70-79,-38
2016,St. Gallen,80-89,-13
2016,St. Gallen,90-99,-4
2016,St. Gallen,100-109,0
2016,Thurgau,0-9,144
2016,Thurgau,10-19,284
2016,Thurgau,20-29,869
2016,Thurgau,30-39,495
2016,Thurgau,40-49,178
2016,Thurgau,50-59,-18
2016,Thurgau,60-69,-163
2016,Thurgau,70-79,-15
2016,Thurgau,80-89,-9
2016,Thurgau,90-99,-1
2016,Thurgau,100-109,0
2016,Ticino,0-9,407
2016,Ticino,10-19,607
2016,Ticino,20-29,860
2016,Ticino,30-39,856
2016,Ticino,40-49,523
2016,Ticino,50-59,151
2016,Ticino,60-69,-119
2016,Ticino,70-79,-43
2016,Ticino,80-89,-12
2016,Ticino,90-99,0
2016,Ticino,100-109,0
2016,Uri,0-9,23
2016,Uri,10-19,37
2016,Uri,20-29,122
2016,Uri,30-39,65
2016,Uri,40-49,22
2016,Uri,50-59,-8
2016,Uri,60-69,0
2016,Uri,70-79,-6
2016,Uri,80-89,-2
2016,Uri,90-99,0
2016,Uri,100-109,0
2016,Valais / Wallis,0-9,370
2016,Valais / Wallis,10-19,734
2016,Valais / Wallis,20-29,486
2016,Valais / Wallis,30-39,644
2016,Valais / Wallis,40-49,329
2016,Valais / Wallis,50-59,69
2016,Valais / Wallis,60-69,-196
2016,Valais / Wallis,70-79,-38
2016,Valais / Wallis,80-89,-6
2016,Valais / Wallis,90-99,-3
2016,Valais / Wallis,100-109,-1
2016,Vaud,0-9,1086
2016,Vaud,10-19,2511
2016,Vaud,20-29,2852
2016,Vaud,30-39,2098
2016,Vaud,40-49,1015
2016,Vaud,50-59,-70
2016,Vaud,60-69,-519
2016,Vaud,70-79,-71
2016,Vaud,80-89,-3
2016,Vaud,90-99,-4
2016,Vaud,100-109,1
2016,Zug,0-9,142
2016,Zug,10-19,136
2016,Zug,20-29,321
2016,Zug,30-39,350
2016,Zug,40-49,163
2016,Zug,50-59,-27
2016,Zug,60-69,-59
2016,Zug,70-79,1
2016,Zug,80-89,-8
2016,Zug,90-99,-3
2016,Zug,100-109,0
2016,Zürich,0-9,1171
2016,Zürich,10-19,2012
2016,Zürich,20-29,7144
2016,Zürich,30-39,3883
2016,Zürich,40-49,1356
2016,Zürich,50-59,-21
2016,Zürich,60-69,-779
2016,Zürich,70-79,-85
2016,Zürich,80-89,-40
2016,Zürich,90-99,-7
2016,Zürich,100-109,-2
2017,Aargau,0-9,391
2017,Aargau,10-19,547
2017,Aargau,20-29,1541
2017,Aargau,30-39,958
2017,Aargau,40-49,436
2017,Aargau,50-59,-3
2017,Aargau,60-69,-366
2017,Aargau,70-79,-41
2017,Aargau,80-89,-21
2017,Aargau,90-99,-7
2017,Aargau,100-109,0
2017,Appenzell Ausserrhoden,0-9,22
2017,Appenzell Ausserrhoden,10-19,11
2017,Appenzell Ausserrhoden,20-29,61
2017,Appenzell Ausserrhoden,30-39,35
2017,Appenzell Ausserrhoden,40-49,18
2017,Appenzell Ausserrhoden,50-59,-4
2017,Appenzell Ausserrhoden,60-69,-40
2017,Appenzell Ausserrhoden,70-79,-15
2017,Appenzell Ausserrhoden,80-89,-1
2017,Appenzell Ausserrhoden,90-99,0
2017,Appenzell Ausserrhoden,100-109,0
2017,Appenzell Innerrhoden,0-9,4
2017,Appenzell Innerrhoden,10-19,4
2017,Appenzell Innerrhoden,20-29,16
2017,Appenzell Innerrhoden,30-39,21
2017,Appenzell Innerrhoden,40-49,17
2017,Appenzell Innerrhoden,50-59,7
2017,Appenzell Innerrhoden,60-69,-2
2017,Appenzell Innerrhoden,70-79,-1
2017,Appenzell Innerrhoden,80-89,1
2017,Appenzell Innerrhoden,90-99,0
2017,Appenzell Innerrhoden,100-109,0
2017,Basel-Landschaft,0-9,79
2017,Basel-Landschaft,10-19,106
2017,Basel-Landschaft,20-29,295
2017,Basel-Landschaft,30-39,273
2017,Basel-Landschaft,40-49,127
2017,Basel-Landschaft,50-59,-27
2017,Basel-Landschaft,60-69,-191
2017,Basel-Landschaft,70-79,-33
2017,Basel-Landschaft,80-89,-16
2017,Basel-Landschaft,90-99,-4
2017,Basel-Landschaft,100-109,0
2017,Basel-Stadt,0-9,110
2017,Basel-Stadt,10-19,192
2017,Basel-Stadt,20-29,1098
2017,Basel-Stadt,30-39,787
2017,Basel-Stadt,40-49,280
2017,Basel-Stadt,50-59,-2
2017,Basel-Stadt,60-69,-223
2017,Basel-Stadt,70-79,-53
2017,Basel-Stadt,80-89,-15
2017,Basel-Stadt,90-99,-7
2017,Basel-Stadt,100-109,0
2017,Bern / Berne,0-9,516
2017,Bern / Berne,10-19,690
2017,Bern / Berne,20-29,1857
2017,Bern / Berne,30-39,1029
2017,Bern / Berne,40-49,521
2017,Bern / Berne,50-59,-14
2017,Bern / Berne,60-69,-454
2017,Bern / Berne,70-79,-42
2017,Bern / Berne,80-89,-5
2017,Bern / Berne,90-99,4
2017,Bern / Berne,100-109,0
2017,Fribourg / Freiburg,0-9,50
2017,Fribourg / Freiburg,10-19,210
2017,Fribourg / Freiburg,20-29,489
2017,Fribourg / Freiburg,30-39,274
2017,Fribourg / Freiburg,40-49,31
2017,Fribourg / Freiburg,50-59,-110
2017,Fribourg / Freiburg,60-69,-196
2017,Fribourg / Freiburg,70-79,-21
2017,Fribourg / Freiburg,80-89,-12
2017,Fribourg / Freiburg,90-99,0
2017,Fribourg / Freiburg,100-109,0
2017,Genève,0-9,548
2017,Genève,10-19,896
2017,Genève,20-29,2694
2017,Genève,30-39,1965
2017,Genève,40-49,1042
2017,Genève,50-59,3
2017,Genève,60-69,-851
2017,Genève,70-79,-284
2017,Genève,80-89,-79
2017,Genève,90-99,-24
2017,Genève,100-109,0
2017,Glarus,0-9,34
2017,Glarus,10-19,42
2017,Glarus,20-29,104
2017,Glarus,30-39,65
2017,Glarus,40-49,37
2017,Glarus,50-59,-2
2017,Glarus,60-69,-39
2017,Glarus,70-79,-4
2017,Glarus,80-89,-2
2017,Glarus,90-99,0
2017,Glarus,100-109,0
2017,Graubünden / Grigioni / Grischun,0-9,61
2017,Graubünden / Grigioni / Grischun,10-19,175
2017,Graubünden / Grigioni / Grischun,20-29,491
2017,Graubünden / Grigioni / Grischun,30-39,326
2017,Graubünden / Grigioni / Grischun,40-49,157
2017,Graubünden / Grigioni / Grischun,50-59,-4
2017,Graubünden / Grigioni / Grischun,60-69,-119
2017,Graubünden / Grigioni / Grischun,70-79,-13
2017,Graubünden / Grigioni / Grischun,80-89,-17
2017,Graubünden / Grigioni / Grischun,90-99,-1
2017,Graubünden / Grigioni / Grischun,100-109,-1
2017,Jura,0-9,27
2017,Jura,10-19,46
2017,Jura,20-29,68
2017,Jura,30-39,62
2017,Jura,40-49,41
2017,Jura,50-59,-16
2017,Jura,60-69,-30
2017,Jura,70-79,-6
2017,Jura,80-89,-5
2017,Jura,90-99,-1
2017,Jura,100-109,0
2017,Luzern,0-9,175
2017,Luzern,10-19,418
2017,Luzern,20-29,733
2017,Luzern,30-39,441
2017,Luzern,40-49,225
2017,Luzern,50-59,-56
2017,Luzern,60-69,-236
2017,Luzern,70-79,-18
2017,Luzern,80-89,-4
2017,Luzern,90-99,-2
2017,Luzern,100-109,0
2017,Neuchâtel,0-9,89
2017,Neuchâtel,10-19,235
2017,Neuchâtel,20-29,301
2017,Neuchâtel,30-39,219
2017,Neuchâtel,40-49,31
2017,Neuchâtel,50-59,-150
2017,Neuchâtel,60-69,-254
2017,Neuchâtel,70-79,-44
2017,Neuchâtel,80-89,-22
2017,Neuchâtel,90-99,1
2017,Neuchâtel,100-109,0
2017,Nidwalden,0-9,13
2017,Nidwalden,10-19,21
2017,Nidwalden,20-29,81
2017,Nidwalden,30-39,48
2017,Nidwalden,40-49,43
2017,Nidwalden,50-59,5
2017,Nidwalden,60-69,-12
2017,Nidwalden,70-79,-1
2017,Nidwalden,80-89,-2
2017,Nidwalden,90-99,-1
2017,Nidwalden,100-109,0
2017,Obwalden,0-9,14
2017,Obwalden,10-19,10
2017,Obwalden,20-29,76
2017,Obwalden,30-39,37
2017,Obwalden,40-49,33
2017,Obwalden,50-59,-4
2017,Obwalden,60-69,-20
2017,Obwalden,70-79,-2
2017,Obwalden,80-89,-2
2017,Obwalden,90-99,-1
2017,Obwalden,100-109,0
2017,Schaffhausen,0-9,43
2017,Schaffhausen,10-19,107
2017,Schaffhausen,20-29,186
2017,Schaffhausen,30-39,125
2017,Schaffhausen,40-49,72
2017,Schaffhausen,50-59,6
2017,Schaffhausen,60-69,-53
2017,Schaffhausen,70-79,0
2017,Schaffhausen,80-89,-6
2017,Schaffhausen,90-99,0
2017,Schaffhausen,100-109,0
2017,Schwyz,0-9,67
2017,Schwyz,10-19,86
2017,Schwyz,20-29,321
2017,Schwyz,30-39,281
2017,Schwyz,40-49,128
2017,Schwyz,50-59,-53
2017,Schwyz,60-69,-87
2017,Schwyz,70-79,-10
2017,Schwyz,80-89,-3
2017,Schwyz,90-99,-1
2017,Schwyz,100-109,0
2017,Solothurn,0-9,223
2017,Solothurn,10-19,240
2017,Solothurn,20-29,578
2017,Solothurn,30-39,478
2017,Solothurn,40-49,231
2017,Solothurn,50-59,63
2017,Solothurn,60-69,-82
2017,Solothurn,70-79,-15
2017,Solothurn,80-89,0
2017,Solothurn,90-99,-3
2017,Solothurn,100-109,0
2017,St. Gallen,0-9,263
2017,St. Gallen,10-19,483
2017,St. Gallen,20-29,1250
2017,St. Gallen,30-39,757
2017,St. Gallen,40-49,244
2017,St. Gallen,50-59,-54
2017,St. Gallen,60-69,-322
2017,St. Gallen,70-79,-48
2017,St. Gallen,80-89,-8
2017,St. Gallen,90-99,-3
2017,St. Gallen,100-109,0
2017,Thurgau,0-9,91
2017,Thurgau,10-19,134
2017,Thurgau,20-29,713
2017,Thurgau,30-39,319
2017,Thurgau,40-49,163
2017,Thurgau,50-59,-10
2017,Thurgau,60-69,-137
2017,Thurgau,70-79,4
2017,Thurgau,80-89,-14
2017,Thurgau,90-99,-5
2017,Thurgau,100-109,0
2017,Ticino,0-9,214
2017,Ticino,10-19,583
2017,Ticino,20-29,178
2017,Ticino,30-39,174
2017,Ticino,40-49,61
2017,Ticino,50-59,-213
2017,Ticino,60-69,-355
2017,Ticino,70-79,-95
2017,Ticino,80-89,-24
2017,Ticino,90-99,-11
2017,Ticino,100-109,-1
2017,Uri,0-9,14
2017,Uri,10-19,39
2017,Uri,20-29,67
2017,Uri,30-39,51
2017,Uri,40-49,32
2017,Uri,50-59,2
2017,Uri,60-69,-13
2017,Uri,70-79,-1
2017,Uri,80-89,-2
2017,Uri,90-99,0
2017,Uri,100-109,0
2017,Valais / Wallis,0-9,186
2017,Valais / Wallis,10-19,577
2017,Valais / Wallis,20-29,150
2017,Valais / Wallis,30-39,399
2017,Valais / Wallis,40-49,223
2017,Valais / Wallis,50-59,11
2017,Valais / Wallis,60-69,-277
2017,Valais / Wallis,70-79,-72
2017,Valais / Wallis,80-89,-26
2017,Valais / Wallis,90-99,-10
2017,Valais / Wallis,100-109,0
2017,Vaud,0-9,984
2017,Vaud,10-19,2199
2017,Vaud,20-29,1814
2017,Vaud,30-39,1966
2017,Vaud,40-49,837
2017,Vaud,50-59,-314
2017,Vaud,60-69,-1038
2017,Vaud,70-79,-182
2017,Vaud,80-89,-50
2017,Vaud,90-99,4
2017,Vaud,100-109,-2
2017,Zug,0-9,194
2017,Zug,10-19,56
2017,Zug,20-29,283
2017,Zug,30-39,350
2017,Zug,40-49,149
2017,Zug,50-59,-51
2017,Zug,60-69,-116
2017,Zug,70-79,-19
2017,Zug,80-89,-1
2017,Zug,90-99,-1
2017,Zug,100-109,0
2017,Zürich,0-9,709
2017,Zürich,10-19,1039
2017,Zürich,20-29,5910
2017,Zürich,30-39,3528
2017,Zürich,40-49,781
2017,Zürich,50-59,-306
2017,Zürich,60-69,-1064
2017,Zürich,70-79,-159
2017,Zürich,80-89,-58
2017,Zürich,90-99,-20
2017,Zürich,100-109,0
2018,Aargau,0-9,371
2018,Aargau,10-19,479
2018,Aargau,20-29,1625
2018,Aargau,30-39,956
2018,Aargau,40-49,544
2018,Aargau,50-59,-4
2018,Aargau,60-69,-430
2018,Aargau,70-79,-80
2018,Aargau,80-89,-23
2018,Aargau,90-99,-3
2018,Aargau,100-109,0
2018,Appenzell Ausserrhoden,0-9,22
2018,Appenzell Ausserrhoden,10-19,15
2018,Appenzell Ausserrhoden,20-29,65
2018,Appenzell Ausserrhoden,30-39,41
2018,Appenzell Ausserrhoden,40-49,31
2018,Appenzell Ausserrhoden,50-59,12
2018,Appenzell Ausserrhoden,60-69,-56
2018,Appenzell Ausserrhoden,70-79,-7
2018,Appenzell Ausserrhoden,80-89,0
2018,Appenzell Ausserrhoden,90-99,0
2018,Appenzell Ausserrhoden,100-109,0
2018,Appenzell Innerrhoden,0-9,6
2018,Appenzell Innerrhoden,10-19,8
2018,Appenzell Innerrhoden,20-29,20
2018,Appenzell Innerrhoden,30-39,19
2018,Appenzell Innerrhoden,40-49,4
2018,Appenzell Innerrhoden,50-59,8
2018,Appenzell Innerrhoden,60-69,-3
2018,Appenzell Innerrhoden,70-79,0
2018,Appenzell Innerrhoden,80-89,-1
2018,Appenzell Innerrhoden,90-99,0
2018,Appenzell Innerrhoden,100-109,0
2018,Basel-Landschaft,0-9,110
2018,Basel-Landschaft,10-19,74
2018,Basel-Landschaft,20-29,333
2018,Basel-Landschaft,30-39,303
2018,Basel-Landschaft,40-49,41
2018,Basel-Landschaft,50-59,-61
2018,Basel-Landschaft,60-69,-132
2018,Basel-Landschaft,70-79,-30
2018,Basel-Landschaft,80-89,-9
2018,Basel-Landschaft,90-99,-3
2018,Basel-Landschaft,100-109,0
2018,Basel-Stadt,0-9,233
2018,Basel-Stadt,10-19,268
2018,Basel-Stadt,20-29,1127
2018,Basel-Stadt,30-39,766
2018,Basel-Stadt,40-49,270
2018,Basel-Stadt,50-59,-5
2018,Basel-Stadt,60-69,-201
2018,Basel-Stadt,70-79,-29
2018,Basel-Stadt,80-89,-8
2018,Basel-Stadt,90-99,-1
2018,Basel-Stadt,100-109,0
2018,Bern / Berne,0-9,570
2018,Bern / Berne,10-19,459
2018,Bern / Berne,20-29,1392
2018,Bern / Berne,30-39,1024
2018,Bern / Berne,40-49,506
2018,Bern / Berne,50-59,26
2018,Bern / Berne,60-69,-484
2018,Bern / Berne,70-79,-68
2018,Bern / Berne,80-89,-23
2018,Bern / Berne,90-99,1
2018,Bern / Berne,100-109,0
2018,Fribourg / Freiburg,0-9,132
2018,Fribourg / Freiburg,10-19,198
2018,Fribourg / Freiburg,20-29,275
2018,Fribourg / Freiburg,30-39,249
2018,Fribourg / Freiburg,40-49,136
2018,Fribourg / Freiburg,50-59,-108
2018,Fribourg / Freiburg,60-69,-257
2018,Fribourg / Freiburg,70-79,-15
2018,Fribourg / Freiburg,80-89,-3
2018,Fribourg / Freiburg,90-99,-6
2018,Fribourg / Freiburg,100-109,-1
2018,Genève,0-9,705
2018,Genève,10-19,712
2018,Genève,20-29,2268
2018,Genève,30-39,1866
2018,Genève,40-49,737
2018,Genève,50-59,-204
2018,Genève,60-69,-871
2018,Genève,70-79,-202
2018,Genève,80-89,-46
2018,Genève,90-99,-12
2018,Genève,100-109,0
2018,Glarus,0-9,12
2018,Glarus,10-19,23
2018,Glarus,20-29,63
2018,Glarus,30-39,35
2018,Glarus,40-49,6
2018,Glarus,50-59,-1
2018,Glarus,60-69,-37
2018,Glarus,70-79,-5
2018,Glarus,80-89,0
2018,Glarus,90-99,1
2018,Glarus,100-109,0
2018,Graubünden / Grigioni / Grischun,0-9,35
2018,Graubünden / Grigioni / Grischun,10-19,93
2018,Graubünden / Grigioni / Grischun,20-29,426
2018,Graubünden / Grigioni / Grischun,30-39,265
2018,Graubünden / Grigioni / Grischun,40-49,128
2018,Graubünden / Grigioni / Grischun,50-59,-36
2018,Graubünden / Grigioni / Grischun,60-69,-155
2018,Graubünden / Grigioni / Grischun,70-79,-20
2018,Graubünden / Grigioni / Grischun,80-89,-4
2018,Graubünden / Grigioni / Grischun,90-99,-1
2018,Graubünden / Grigioni / Grischun,100-109,0
2018,Jura,0-9,56
2018,Jura,10-19,44
2018,Jura,20-29,59
2018,Jura,30-39,67
2018,Jura,40-49,22
2018,Jura,50-59,-18
2018,Jura,60-69,-41
2018,Jura,70-79,-1
2018,Jura,80-89,-2
2018,Jura,90-99,-1
2018,Jura,100-109,0
2018,Luzern,0-9,208
2018,Luzern,10-19,511
2018,Luzern,20-29,699
2018,Luzern,30-39,520
2018,Luzern,40-49,238
2018,Luzern,50-59,-75
2018,Luzern,60-69,-282
2018,Luzern,70-79,-41
2018,Luzern,80-89,1
2018,Luzern,90-99,-2
2018,Luzern,100-109,0
2018,Neuchâtel,0-9,21
2018,Neuchâtel,10-19,61
2018,Neuchâtel,20-29,291
2018,Neuchâtel,30-39,222
2018,Neuchâtel,40-49,44
2018,Neuchâtel,50-59,-95
2018,Neuchâtel,60-69,-253
2018,Neuchâtel,70-79,-41
2018,Neuchâtel,80-89,-5
2018,Neuchâtel,90-99,-1
2018,Neuchâtel,100-109,0
2018,Nidwalden,0-9,9
2018,Nidwalden,10-19,16
2018,Nidwalden,20-29,92
2018,Nidwalden,30-39,50
2018,Nidwalden,40-49,24
2018,Nidwalden,50-59,-15
2018,Nidwalden,60-69,-39
2018,Nidwalden,70-79,-2
2018,Nidwalden,80-89,-5
2018,Nidwalden,90-99,1
2018,Nidwalden,100-109,0
2018,Obwalden,0-9,16
2018,Obwalden,10-19,15
2018,Obwalden,20-29,64
2018,Obwalden,30-39,37
2018,Obwalden,40-49,23
2018,Obwalden,50-59,-6
2018,Obwalden,60-69,-15
2018,Obwalden,70-79,3
2018,Obwalden,80-89,0
2018,Obwalden,90-99,0
2018,Obwalden,100-109,0
2018,Schaffhausen,0-9,23
2018,Schaffhausen,10-19,55
2018,Schaffhausen,20-29,247
2018,Schaffhausen,30-39,143
2018,Schaffhausen,40-49,84
2018,Schaffhausen,50-59,-11
2018,Schaffhausen,60-69,-70
2018,Schaffhausen,70-79,0
2018,Schaffhausen,80-89,-3
2018,Schaffhausen,90-99,1
2018,Schaffhausen,100-109,0
2018,Schwyz,0-9,82
2018,Schwyz,10-19,94
2018,Schwyz,20-29,250
2018,Schwyz,30-39,306
2018,Schwyz,40-49,99
2018,Schwyz,50-59,51
2018,Schwyz,60-69,-89
2018,Schwyz,70-79,-13
2018,Schwyz,80-89,7
2018,Schwyz,90-99,0
2018,Schwyz,100-109,0
2018,Solothurn,0-9,154
2018,Solothurn,10-19,129
2018,Solothurn,20-29,514
2018,Solothurn,30-39,369
2018,Solothurn,40-49,222
2018,Solothurn,50-59,-33
2018,Solothurn,60-69,-180
2018,Solothurn,70-79,-34
2018,Solothurn,80-89,-5
2018,Solothurn,90-99,-2
2018,Solothurn,100-109,0
2018,St. Gallen,0-9,175
2018,St. Gallen,10-19,444
2018,St. Gallen,20-29,1193
2018,St. Gallen,30-39,703
2018,St. Gallen,40-49,359
2018,St. Gallen,50-59,-88
2018,St. Gallen,60-69,-330
2018,St. Gallen,70-79,-67
2018,St. Gallen,80-89,-5
2018,St. Gallen,90-99,0
2018,St. Gallen,100-109,0
2018,Thurgau,0-9,84
2018,Thurgau,10-19,177
2018,Thurgau,20-29,679
2018,Thurgau,30-39,379
2018,Thurgau,40-49,177
2018,Thurgau,50-59,-46
2018,Thurgau,60-69,-168
2018,Thurgau,70-79,-46
2018,Thurgau,80-89,0
2018,Thurgau,90-99,-1
2018,Thurgau,100-109,0
2018,Ticino,0-9,291
2018,Ticino,10-19,281
2018,Ticino,20-29,503
2018,Ticino,30-39,374
2018,Ticino,40-49,67
2018,Ticino,50-59,-158
2018,Ticino,60-69,-327
2018,Ticino,70-79,-100
2018,Ticino,80-89,-45
2018,Ticino,90-99,-2
2018,Ticino,100-109,0
2018,Uri,0-9,6
2018,Uri,10-19,31
2018,Uri,20-29,50
2018,Uri,30-39,54
2018,Uri,40-49,13
2018,Uri,50-59,-5
2018,Uri,60-69,-6
2018,Uri,70-79,0
2018,Uri,80-89,-3
2018,Uri,90-99,0
2018,Uri,100-109,0
2018,Valais / Wallis,0-9,193
2018,Valais / Wallis,10-19,476
2018,Valais / Wallis,20-29,226
2018,Valais / Wallis,30-39,380
2018,Valais / Wallis,40-49,136
2018,Valais / Wallis,50-59,-61
2018,Valais / Wallis,60-69,-323
2018,Valais / Wallis,70-79,-68
2018,Valais / Wallis,80-89,-36
2018,Valais / Wallis,90-99,-16
2018,Valais / Wallis,100-109,0
2018,Vaud,0-9,901
2018,Vaud,10-19,1805
2018,Vaud,20-29,1348
2018,Vaud,30-39,1384
2018,Vaud,40-49,588
2018,Vaud,50-59,-442
2018,Vaud,60-69,-1045
2018,Vaud,70-79,-156
2018,Vaud,80-89,-48
2018,Vaud,90-99,-8
2018,Vaud,100-109,0
2018,Zug,0-9,188
2018,Zug,10-19,39
2018,Zug,20-29,224
2018,Zug,30-39,361
2018,Zug,40-49,133
2018,Zug,50-59,23
2018,Zug,60-69,-142
2018,Zug,70-79,-16
2018,Zug,80-89,-8
2018,Zug,90-99,0
2018,Zug,100-109,0
2018,Zürich,0-9,761
2018,Zürich,10-19,960
2018,Zürich,20-29,5862
2018,Zürich,30-39,3848
2018,Zürich,40-49,1013
2018,Zürich,50-59,-152
2018,Zürich,60-69,-1195
2018,Zürich,70-79,-221
2018,Zürich,80-89,-96
2018,Zürich,90-99,-19
2018,Zürich,100-109,0
2019,Aargau,0-9,377
2019,Aargau,10-19,466
2019,Aargau,20-29,1485
2019,Aargau,30-39,1129
2019,Aargau,40-49,540
2019,Aargau,50-59,-34
2019,Aargau,60-69,-427
2019,Aargau,70-79,-73
2019,Aargau,80-89,-2
2019,Aargau,90-99,0
2019,Aargau,100-109,0
2019,Appenzell Ausserrhoden,0-9,-5
2019,Appenzell Ausserrhoden,10-19,7
2019,Appenzell Ausserrhoden,20-29,46
2019,Appenzell Ausserrhoden,30-39,40
2019,Appenzell Ausserrhoden,40-49,39
2019,Appenzell Ausserrhoden,50-59,-8
2019,Appenzell Ausserrhoden,60-69,-32
2019,Appenzell Ausserrhoden,70-79,-5
2019,Appenzell Ausserrhoden,80-89,-1
2019,Appenzell Ausserrhoden,90-99,-1
2019,Appenzell Ausserrhoden,100-109,0
2019,Appenzell Innerrhoden,0-9,1
2019,Appenzell Innerrhoden,10-19,0
2019,Appenzell Innerrhoden,20-29,18
2019,Appenzell Innerrhoden,30-39,6
2019,Appenzell Innerrhoden,40-49,4
2019,Appenzell Innerrhoden,50-59,5
2019,Appenzell Innerrhoden,60-69,-9
2019,Appenzell Innerrhoden,70-79,-2
2019,Appenzell Innerrhoden,80-89,-1
2019,Appenzell Innerrhoden,90-99,0
2019,Appenzell Innerrhoden,100-109,0
2019,Basel-Landschaft,0-9,134
2019,Basel-Landschaft,10-19,86
2019,Basel-Landschaft,20-29,349
2019,Basel-Landschaft,30-39,286
2019,Basel-Landschaft,40-49,152
2019,Basel-Landschaft,50-59,3
2019,Basel-Landschaft,60-69,-167
2019,Basel-Landschaft,70-79,-16
2019,Basel-Landschaft,80-89,5
2019,Basel-Landschaft,90-99,0
2019,Basel-Landschaft,100-109,-1
2019,Basel-Stadt,0-9,261
2019,Basel-Stadt,10-19,223
2019,Basel-Stadt,20-29,1221
2019,Basel-Stadt,30-39,1011
2019,Basel-Stadt,40-49,452
2019,Basel-Stadt,50-59,71
2019,Basel-Stadt,60-69,-119
2019,Basel-Stadt,70-79,-26
2019,Basel-Stadt,80-89,-17
2019,Basel-Stadt,90-99,-3
2019,Basel-Stadt,100-109,1
2019,Bern / Berne,0-9,492
2019,Bern / Berne,10-19,463
2019,Bern / Berne,20-29,1650
2019,Bern / Berne,30-39,1251
2019,Bern / Berne,40-49,632
2019,Bern / Berne,50-59,-23
2019,Bern / Berne,60-69,-436
2019,Bern / Berne,70-79,-35
2019,Bern / Berne,80-89,-4
2019,Bern / Berne,90-99,2
2019,Bern / Berne,100-109,-1
2019,Fribourg / Freiburg,0-9,80
2019,Fribourg / Freiburg,10-19,100
2019,Fribourg / Freiburg,20-29,491
2019,Fribourg / Freiburg,30-39,188
2019,Fribourg / Freiburg,40-49,67
2019,Fribourg / Freiburg,50-59,-113
2019,Fribourg / Freiburg,60-69,-237
2019,Fribourg / Freiburg,70-79,-28
2019,Fribourg / Freiburg,80-89,5
2019,Fribourg / Freiburg,90-99,-7
2019,Fribourg / Freiburg,100-109,-1
2019,Genève,0-9,520
2019,Genève,10-19,693
2019,Genève,20-29,2313
2019,Genève,30-39,1823
2019,Genève,40-49,908
2019,Genève,50-59,-64
2019,Genève,60-69,-746
2019,Genève,70-79,-179
2019,Genève,80-89,-47
2019,Genève,90-99,-2
2019,Genève,100-109,0
2019,Glarus,0-9,8
2019,Glarus,10-19,29
2019,Glarus,20-29,77
2019,Glarus,30-39,65
2019,Glarus,40-49,29
2019,Glarus,50-59,-7
2019,Glarus,60-69,-26
2019,Glarus,70-79,-1
2019,Glarus,80-89,-2
2019,Glarus,90-99,0
2019,Glarus,100-109,0
2019,Graubünden / Grigioni / Grischun,0-9,32
2019,Graubünden / Grigioni / Grischun,10-19,82
2019,Graubünden / Grigioni / Grischun,20-29,503
2019,Graubünden / Grigioni / Grischun,30-39,321
2019,Graubünden / Grigioni / Grischun,40-49,165
2019,Graubünden / Grigioni / Grischun,50-59,86
2019,Graubünden / Grigioni / Grischun,60-69,-170
2019,Graubünden / Grigioni / Grischun,70-79,-31
2019,Graubünden / Grigioni / Grischun,80-89,-27
2019,Graubünden / Grigioni / Grischun,90-99,3
2019,Graubünden / Grigioni / Grischun,100-109,1
2019,Jura,0-9,46
2019,Jura,10-19,33
2019,Jura,20-29,33
2019,Jura,30-39,93
2019,Jura,40-49,34
2019,Jura,50-59,-5
2019,Jura,60-69,-42
2019,Jura,70-79,-1
2019,Jura,80-89,-1
2019,Jura,90-99,-1
2019,Jura,100-109,0
2019,Luzern,0-9,207
2019,Luzern,10-19,506
2019,Luzern,20-29,709
2019,Luzern,30-39,461
2019,Luzern,40-49,202
2019,Luzern,50-59,-80
2019,Luzern,60-69,-191
2019,Luzern,70-79,-23
2019,Luzern,80-89,-16
2019,Luzern,90-99,-3
2019,Luzern,100-109,0
2019,Neuchâtel,0-9,79
2019,Neuchâtel,10-19,119
2019,Neuchâtel,20-29,433
2019,Neuchâtel,30-39,321
2019,Neuchâtel,40-49,113
2019,Neuchâtel,50-59,-65
2019,Neuchâtel,60-69,-205
2019,Neuchâtel,70-79,-28
2019,Neuchâtel,80-89,-5
2019,Neuchâtel,90-99,-1
2019,Neuchâtel,100-109,0
2019,Nidwalden,0-9,15
2019,Nidwalden,10-19,18
2019,Nidwalden,20-29,83
2019,Nidwalden,30-39,37
2019,Nidwalden,40-49,7
2019,Nidwalden,50-59,12
2019,Nidwalden,60-69,-27
2019,Nidwalden,70-79,-6
2019,Nidwalden,80-89,-4
2019,Nidwalden,90-99,0
2019,Nidwalden,100-109,0
2019,Obwalden,0-9,0
2019,Obwalden,10-19,2
2019,Obwalden,20-29,64
2019,Obwalden,30-39,23
2019,Obwalden,40-49,42
2019,Obwalden,50-59,-2
2019,Obwalden,60-69,-19
2019,Obwalden,70-79,-9
2019,Obwalden,80-89,-5
2019,Obwalden,90-99,-1
2019,Obwalden,100-109,0
2019,Schaffhausen,0-9,-2
2019,Schaffhausen,10-19,40
2019,Schaffhausen,20-29,176
2019,Schaffhausen,30-39,85
2019,Schaffhausen,40-49,59
2019,Schaffhausen,50-59,29
2019,Schaffhausen,60-69,-60
2019,Schaffhausen,70-79,-10
2019,Schaffhausen,80-89,1
2019,Schaffhausen,90-99,-4
2019,Schaffhausen,100-109,0
2019,Schwyz,0-9,97
2019,Schwyz,10-19,42
2019,Schwyz,20-29,259
2019,Schwyz,30-39,210
2019,Schwyz,40-49,90
2019,Schwyz,50-59,-36
2019,Schwyz,60-69,-94
2019,Schwyz,70-79,-7
2019,Schwyz,80-89,-5
2019,Schwyz,90-99,0
2019,Schwyz,100-109,0
2019,Solothurn,0-9,150
2019,Solothurn,10-19,173
2019,Solothurn,20-29,550
2019,Solothurn,30-39,409
2019,Solothurn,40-49,148
2019,Solothurn,50-59,-23
2019,Solothurn,60-69,-151
2019,Solothurn,70-79,-19
2019,Solothurn,80-89,-14
2019,Solothurn,90-99,-6
2019,Solothurn,100-109,0
2019,St. Gallen,0-9,255
2019,St. Gallen,10-19,485
2019,St. Gallen,20-29,1412
2019,St. Gallen,30-39,788
2019,St. Gallen,40-49,425
2019,St. Gallen,50-59,-53
2019,St. Gallen,60-69,-355
2019,St. Gallen,70-79,-68
2019,St. Gallen,80-89,-13
2019,St. Gallen,90-99,1
2019,St. Gallen,100-109,0
2019,Thurgau,0-9,183
2019,Thurgau,10-19,178
2019,Thurgau,20-29,779
2019,Thurgau,30-39,489
2019,Thurgau,40-49,259
2019,Thurgau,50-59,19
2019,Thurgau,60-69,-192
2019,Thurgau,70-79,-14
2019,Thurgau,80-89,-8
2019,Thurgau,90-99,-3
2019,Thurgau,100-109,0
2019,Ticino,0-9,262
2019,Ticino,10-19,218
2019,Ticino,20-29,210
2019,Ticino,30-39,286
2019,Ticino,40-49,-24
2019,Ticino,50-59,-296
2019,Ticino,60-69,-434
2019,Ticino,70-79,-120
2019,Ticino,80-89,-34
2019,Ticino,90-99,-7
2019,Ticino,100-109,-1
2019,Uri,0-9,9
2019,Uri,10-19,46
2019,Uri,20-29,53
2019,Uri,30-39,33
2019,Uri,40-49,24
2019,Uri,50-59,-7
2019,Uri,60-69,-6
2019,Uri,70-79,-3
2019,Uri,80-89,-4
2019,Uri,90-99,0
2019,Uri,100-109,0
2019,Valais / Wallis,0-9,37
2019,Valais / Wallis,10-19,379
2019,Valais / Wallis,20-29,366
2019,Valais / Wallis,30-39,394
2019,Valais / Wallis,40-49,117
2019,Valais / Wallis,50-59,-69
2019,Valais / Wallis,60-69,-404
2019,Valais / Wallis,70-79,-85
2019,Valais / Wallis,80-89,-52
2019,Valais / Wallis,90-99,-13
2019,Valais / Wallis,100-109,0
2019,Vaud,0-9,625
2019,Vaud,10-19,1568
2019,Vaud,20-29,1177
2019,Vaud,30-39,1219
2019,Vaud,40-49,524
2019,Vaud,50-59,-474
2019,Vaud,60-69,-987
2019,Vaud,70-79,-144
2019,Vaud,80-89,-33
2019,Vaud,90-99,-11
2019,Vaud,100-109,-1
2019,Zug,0-9,126
2019,Zug,10-19,51
2019,Zug,20-29,202
2019,Zug,30-39,349
2019,Zug,40-49,119
2019,Zug,50-59,-63
2019,Zug,60-69,-88
2019,Zug,70-79,-12
2019,Zug,80-89,-4
2019,Zug,90-99,0
2019,Zug,100-109,0
2019,Zürich,0-9,1048
2019,Zürich,10-19,1202
2019,Zürich,20-29,6457
2019,Zürich,30-39,4365
2019,Zürich,40-49,1170
2019,Zürich,50-59,-163
2019,Zürich,60-69,-1075
2019,Zürich,70-79,-149
2019,Zürich,80-89,-82
2019,Zürich,90-99,-13
2019,Zürich,100-109,0
2020,Aargau,0-9,457
2020,Aargau,10-19,430
2020,Aargau,20-29,1591
2020,Aargau,30-39,1224
2020,Aargau,40-49,577
2020,Aargau,50-59,66
2020,Aargau,60-69,-372
2020,Aargau,70-79,-31
2020,Aargau,80-89,-5
2020,Aargau,90-99,-5
2020,Aargau,100-109,1
2020,Appenzell Ausserrhoden,0-9,28
2020,Appenzell Ausserrhoden,10-19,33
2020,Appenzell Ausserrhoden,20-29,53
2020,Appenzell Ausserrhoden,30-39,46
2020,Appenzell Ausserrhoden,40-49,43
2020,Appenzell Ausserrhoden,50-59,6
2020,Appenzell Ausserrhoden,60-69,-40
2020,Appenzell Ausserrhoden,70-79,0
2020,Appenzell Ausserrhoden,80-89,-3
2020,Appenzell Ausserrhoden,90-99,0
2020,Appenzell Ausserrhoden,100-109,0
2020,Appenzell Innerrhoden,0-9,2
2020,Appenzell Innerrhoden,10-19,12
2020,Appenzell Innerrhoden,20-29,27
2020,Appenzell Innerrhoden,30-39,25
2020,Appenzell Innerrhoden,40-49,-5
2020,Appenzell Innerrhoden,50-59,-3
2020,Appenzell Innerrhoden,60-69,-3
2020,Appenzell Innerrhoden,70-79,-1
2020,Appenzell Innerrhoden,80-89,-1
2020,Appenzell Innerrhoden,90-99,0
2020,Appenzell Innerrhoden,100-109,0
2020,Basel-Landschaft,0-9,170
2020,Basel-Landschaft,10-19,128
2020,Basel-Landschaft,20-29,435
2020,Basel-Landschaft,30-39,381
2020,Basel-Landschaft,40-49,237
2020,Basel-Landschaft,50-59,10
2020,Basel-Landschaft,60-69,-165
2020,Basel-Landschaft,70-79,-5
2020,Basel-Landschaft,80-89,-8
2020,Basel-Landschaft,90-99,-4
2020,Basel-Landschaft,100-109,0
2020,Basel-Stadt,0-9,185
2020,Basel-Stadt,10-19,198
2020,Basel-Stadt,20-29,1140
2020,Basel-Stadt,30-39,942
2020,Basel-Stadt,40-49,349
2020,Basel-Stadt,50-59,-4
2020,Basel-Stadt,60-69,-152
2020,Basel-Stadt,70-79,-28
2020,Basel-Stadt,80-89,-6
2020,Basel-Stadt,90-99,1
2020,Basel-Stadt,100-109,0
2020,Bern / Berne,0-9,432
2020,Bern / Berne,10-19,438
2020,Bern / Berne,20-29,1519
2020,Bern / Berne,30-39,1229
2020,Bern / Berne,40-49,484
2020,Bern / Berne,50-59,10
2020,Bern / Berne,60-69,-488
2020,Bern / Berne,70-79,-15
2020,Bern / Berne,80-89,12
2020,Bern / Berne,90-99,-5
2020,Bern / Berne,100-109,-1
2020,Fribourg / Freiburg,0-9,118
2020,Fribourg / Freiburg,10-19,139
2020,Fribourg / Freiburg,20-29,617
2020,Fribourg / Freiburg,30-39,449
2020,Fribourg / Freiburg,40-49,165
2020,Fribourg / Freiburg,50-59,-66
2020,Fribourg / Freiburg,60-69,-261
2020,Fribourg / Freiburg,70-79,1
2020,Fribourg / Freiburg,80-89,-2
2020,Fribourg / Freiburg,90-99,-3
2020,Fribourg / Freiburg,100-109,-1
2020,Genève,0-9,582
2020,Genève,10-19,708
2020,Genève,20-29,1922
2020,Genève,30-39,1612
2020,Genève,40-49,792
2020,Genève,50-59,15
2020,Genève,60-69,-798
2020,Genève,70-79,-98
2020,Genève,80-89,-10
2020,Genève,90-99,-6
2020,Genève,100-109,-2
2020,Glarus,0-9,46
2020,Glarus,10-19,23
2020,Glarus,20-29,102
2020,Glarus,30-39,98
2020,Glarus,40-49,53
2020,Glarus,50-59,10
2020,Glarus,60-69,-45
2020,Glarus,70-79,-4
2020,Glarus,80-89,3
2020,Glarus,90-99,0
2020,Glarus,100-109,0
2020,Graubünden / Grigioni / Grischun,0-9,108
2020,Graubünden / Grigioni / Grischun,10-19,116
2020,Graubünden / Grigioni / Grischun,20-29,542
2020,Graubünden / Grigioni / Grischun,30-39,483
2020,Graubünden / Grigioni / Grischun,40-49,290
2020,Graubünden / Grigioni / Grischun,50-59,94
2020,Graubünden / Grigioni / Grischun,60-69,-126
2020,Graubünden / Grigioni / Grischun,70-79,-37
2020,Graubünden / Grigioni / Grischun,80-89,-16
2020,Graubünden / Grigioni / Grischun,90-99,-5
2020,Graubünden / Grigioni / Grischun,100-109,0
2020,Jura,0-9,39
2020,Jura,10-19,28
2020,Jura,20-29,63
2020,Jura,30-39,85
2020,Jura,40-49,59
2020,Jura,50-59,6
2020,Jura,60-69,-37
2020,Jura,70-79,-6
2020,Jura,80-89,1
2020,Jura,90-99,-1
2020,Jura,100-109,-1
2020,Luzern,0-9,237
2020,Luzern,10-19,331
2020,Luzern,20-29,610
2020,Luzern,30-39,619
2020,Luzern,40-49,268
2020,Luzern,50-59,-25
2020,Luzern,60-69,-204
2020,Luzern,70-79,8
2020,Luzern,80-89,-1
2020,Luzern,90-99,0
2020,Luzern,100-109,0
2020,Neuchâtel,0-9,50
2020,Neuchâtel,10-19,65
2020,Neuchâtel,20-29,471
2020,Neuchâtel,30-39,212
2020,Neuchâtel,40-49,78
2020,Neuchâtel,50-59,-72
2020,Neuchâtel,60-69,-193
2020,Neuchâtel,70-79,-10
2020,Neuchâtel,80-89,1
2020,Neuchâtel,90-99,-1
2020,Neuchâtel,100-109,0
2020,Nidwalden,0-9,34
2020,Nidwalden,10-19,35
2020,Nidwalden,20-29,68
2020,Nidwalden,30-39,34
2020,Nidwalden,40-49,34
2020,Nidwalden,50-59,-3
2020,Nidwalden,60-69,-17
2020,Nidwalden,70-79,2
2020,Nidwalden,80-89,0
2020,Nidwalden,90-99,0
2020,Nidwalden,100-109,0
2020,Obwalden,0-9,13
2020,Obwalden,10-19,10
2020,Obwalden,20-29,59
2020,Obwalden,30-39,46
2020,Obwalden,40-49,22
2020,Obwalden,50-59,3
2020,Obwalden,60-69,-28
2020,Obwalden,70-79,-5
2020,Obwalden,80-89,2
2020,Obwalden,90-99,1
2020,Obwalden,100-109,0
2020,Schaffhausen,0-9,42
2020,Schaffhausen,10-19,58
2020,Schaffhausen,20-29,203
2020,Schaffhausen,30-39,141
2020,Schaffhausen,40-49,71
2020,Schaffhausen,50-59,14
2020,Schaffhausen,60-69,-46
2020,Schaffhausen,70-79,-5
2020,Schaffhausen,80-89,-5
2020,Schaffhausen,90-99,-1
2020,Schaffhausen,100-109,0
2020,Schwyz,0-9,97
2020,Schwyz,10-19,51
2020,Schwyz,20-29,251
2020,Schwyz,30-39,184
2020,Schwyz,40-49,106
2020,Schwyz,50-59,-3
2020,Schwyz,60-69,-83
2020,Schwyz,70-79,-11
2020,Schwyz,80-89,2
2020,Schwyz,90-99,1
2020,Schwyz,100-109,0
2020,Solothurn,0-9,201
2020,Solothurn,10-19,167
2020,Solothurn,20-29,530
2020,Solothurn,30-39,486
2020,Solothurn,40-49,222
2020,Solothurn,50-59,19
2020,Solothurn,60-69,-119
2020,Solothurn,70-79,2
2020,Solothurn,80-89,-2
2020,Solothurn,90-99,-2
2020,Solothurn,100-109,0
2020,St. Gallen,0-9,328
2020,St. Gallen,10-19,523
2020,St. Gallen,20-29,1401
2020,St. Gallen,30-39,958
2020,St. Gallen,40-49,435
2020,St. Gallen,50-59,41
2020,St. Gallen,60-69,-262
2020,St. Gallen,70-79,-5
2020,St. Gallen,80-89,-19
2020,St. Gallen,90-99,1
2020,St. Gallen,100-109,-1
2020,Thurgau,0-9,173
2020,Thurgau,10-19,195
2020,Thurgau,20-29,830
2020,Thurgau,30-39,536
2020,Thurgau,40-49,242
2020,Thurgau,50-59,43
2020,Thurgau,60-69,-155
2020,Thurgau,70-79,9
2020,Thurgau,80-89,-4
2020,Thurgau,90-99,-1
2020,Thurgau,100-109,0
2020,Ticino,0-9,258
2020,Ticino,10-19,429
2020,Ticino,20-29,675
2020,Ticino,30-39,623
2020,Ticino,40-49,269
2020,Ticino,50-59,-35
2020,Ticino,60-69,-280
2020,Ticino,70-79,-69
2020,Ticino,80-89,-8
2020,Ticino,90-99,-5
2020,Ticino,100-109,-1
2020,Uri,0-9,16
2020,Uri,10-19,31
2020,Uri,20-29,112
2020,Uri,30-39,52
2020,Uri,40-49,32
2020,Uri,50-59,12
2020,Uri,60-69,-28
2020,Uri,70-79,-2
2020,Uri,80-89,-1
2020,Uri,90-99,0
2020,Uri,100-109,0
2020,Valais / Wallis,0-9,193
2020,Valais / Wallis,10-19,318
2020,Valais / Wallis,20-29,507
2020,Valais / Wallis,30-39,845
2020,Valais / Wallis,40-49,379
2020,Valais / Wallis,50-59,82
2020,Valais / Wallis,60-69,-298
2020,Valais / Wallis,70-79,-14
2020,Valais / Wallis,80-89,-38
2020,Valais / Wallis,90-99,-11
2020,Valais / Wallis,100-109,-1
2020,Vaud,0-9,824
2020,Vaud,10-19,2530
2020,Vaud,20-29,2719
2020,Vaud,30-39,2045
2020,Vaud,40-49,908
2020,Vaud,50-59,-107
2020,Vaud,60-69,-861
2020,Vaud,70-79,-81
2020,Vaud,80-89,16
2020,Vaud,90-99,1
2020,Vaud,100-109,0
2020,Zug,0-9,124
2020,Zug,10-19,70
2020,Zug,20-29,245
2020,Zug,30-39,435
2020,Zug,40-49,169
2020,Zug,50-59,-14
2020,Zug,60-69,-103
2020,Zug,70-79,-8
2020,Zug,80-89,-3
2020,Zug,90-99,-2
2020,Zug,100-109,0
2020,Zürich,0-9,1031
2020,Zürich,10-19,1129
2020,Zürich,20-29,5987
2020,Zürich,30-39,4193
2020,Zürich,40-49,1529
2020,Zürich,50-59,106
2020,Zürich,60-69,-932
2020,Zürich,70-79,-108
2020,Zürich,80-89,-44
2020,Zürich,90-99,-3
2020,Zürich,100-109,-1
2021,Aargau,0-9,320
2021,Aargau,10-19,503
2021,Aargau,20-29,1683
2021,Aargau,30-39,1138
2021,Aargau,40-49,530
2021,Aargau,50-59,0
2021,Aargau,60-69,-490
2021,Aargau,70-79,-70
2021,Aargau,80-89,-21
2021,Aargau,90-99,-2
2021,Aargau,100-109,0
2021,Appenzell Ausserrhoden,0-9,6
2021,Appenzell Ausserrhoden,10-19,9
2021,Appenzell Ausserrhoden,20-29,62
2021,Appenzell Ausserrhoden,30-39,23
2021,Appenzell Ausserrhoden,40-49,23
2021,Appenzell Ausserrhoden,50-59,-17
2021,Appenzell Ausserrhoden,60-69,-46
2021,Appenzell Ausserrhoden,70-79,-9
2021,Appenzell Ausserrhoden,80-89,-4
2021,Appenzell Ausserrhoden,90-99,1
2021,Appenzell Ausserrhoden,100-109,0
2021,Appenzell Innerrhoden,0-9,5
2021,Appenzell Innerrhoden,10-19,1
2021,Appenzell Innerrhoden,20-29,16
2021,Appenzell Innerrhoden,30-39,11
2021,Appenzell Innerrhoden,40-49,6
2021,Appenzell Innerrhoden,50-59,-3
2021,Appenzell Innerrhoden,60-69,-2
2021,Appenzell Innerrhoden,70-79,-1
2021,Appenzell Innerrhoden,80-89,1
2021,Appenzell Innerrhoden,90-99,0
2021,Appenzell Innerrhoden,100-109,0
2021,Basel-Landschaft,0-9,77
2021,Basel-Landschaft,10-19,38
2021,Basel-Landschaft,20-29,308
2021,Basel-Landschaft,30-39,234
2021,Basel-Landschaft,40-49,41
2021,Basel-Landschaft,50-59,-51
2021,Basel-Landschaft,60-69,-187
2021,Basel-Landschaft,70-79,-22
2021,Basel-Landschaft,80-89,0
2021,Basel-Landschaft,90-99,-4
2021,Basel-Landschaft,100-109,0
2021,Basel-Stadt,0-9,61
2021,Basel-Stadt,10-19,155
2021,Basel-Stadt,20-29,1051
2021,Basel-Stadt,30-39,557
2021,Basel-Stadt,40-49,139
2021,Basel-Stadt,50-59,-79
2021,Basel-Stadt,60-69,-240
2021,Basel-Stadt,70-79,-72
2021,Basel-Stadt,80-89,-23
2021,Basel-Stadt,90-99,-7
2021,Basel-Stadt,100-109,-1
2021,Bern / Berne,0-9,433
2021,Bern / Berne,10-19,514
2021,Bern / Berne,20-29,1817
2021,Bern / Berne,30-39,1097
2021,Bern / Berne,40-49,528
2021,Bern / Berne,50-59,-76
2021,Bern / Berne,60-69,-546
2021,Bern / Berne,70-79,-42
2021,Bern / Berne,80-89,18
2021,Bern / Berne,90-99,-5
2021,Bern / Berne,100-109,-1
2021,Fribourg / Freiburg,0-9,137
2021,Fribourg / Freiburg,10-19,203
2021,Fribourg / Freiburg,20-29,650
2021,Fribourg / Freiburg,30-39,440
2021,Fribourg / Freiburg,40-49,143
2021,Fribourg / Freiburg,50-59,-78
2021,Fribourg / Freiburg,60-69,-281
2021,Fribourg / Freiburg,70-79,1
2021,Fribourg / Freiburg,80-89,0
2021,Fribourg / Freiburg,90-99,-3
2021,Fribourg / Freiburg,100-109,1
2021,Genève,0-9,626
2021,Genève,10-19,650
2021,Genève,20-29,2115
2021,Genève,30-39,1312
2021,Genève,40-49,660
2021,Genève,50-59,-222
2021,Genève,60-69,-793
2021,Genève,70-79,-141
2021,Genève,80-89,1
2021,Genève,90-99,-1
2021,Genève,100-109,-2
2021,Glarus,0-9,16
2021,Glarus,10-19,28
2021,Glarus,20-29,101
2021,Glarus,30-39,85
2021,Glarus,40-49,60
2021,Glarus,50-59,0
2021,Glarus,60-69,-37
2021,Glarus,70-79,-3
2021,Glarus,80-89,1
2021,Glarus,90-99,1
2021,Glarus,100-109,0
2021,Graubünden / Grigioni / Grischun,0-9,95
2021,Graubünden / Grigioni / Grischun,10-19,97
2021,Graubünden / Grigioni / Grischun,20-29,586
2021,Graubünden / Grigioni / Grischun,30-39,459
2021,Graubünden / Grigioni / Grischun,40-49,274
2021,Graubünden / Grigioni / Grischun,50-59,99
2021,Graubünden / Grigioni / Grischun,60-69,-189
2021,Graubünden / Grigioni / Grischun,70-79,-15
2021,Graubünden / Grigioni / Grischun,80-89,4
2021,Graubünden / Grigioni / Grischun,90-99,-5
2021,Graubünden / Grigioni / Grischun,100-109,0
2021,Jura,0-9,35
2021,Jura,10-19,41
2021,Jura,20-29,80
2021,Jura,30-39,37
2021,Jura,40-49,27
2021,Jura,50-59,-20
2021,Jura,60-69,-40
2021,Jura,70-79,0
2021,Jura,80-89,0
2021,Jura,90-99,-2
2021,Jura,100-109,0
2021,Luzern,0-9,201
2021,Luzern,10-19,342
2021,Luzern,20-29,759
2021,Luzern,30-39,619
2021,Luzern,40-49,228
2021,Luzern,50-59,9
2021,Luzern,60-69,-189
2021,Luzern,70-79,-12
2021,Luzern,80-89,-2
2021,Luzern,90-99,-1
2021,Luzern,100-109,0
2021,Neuchâtel,0-9,56
2021,Neuchâtel,10-19,185
2021,Neuchâtel,20-29,565
2021,Neuchâtel,30-39,346
2021,Neuchâtel,40-49,92
2021,Neuchâtel,50-59,-78
2021,Neuchâtel,60-69,-211
2021,Neuchâtel,70-79,-15
2021,Neuchâtel,80-89,0
2021,Neuchâtel,90-99,0
2021,Neuchâtel,100-109,0
2021,Nidwalden,0-9,0
2021,Nidwalden,10-19,15
2021,Nidwalden,20-29,91
2021,Nidwalden,30-39,103
2021,Nidwalden,40-49,40
2021,Nidwalden,50-59,20
2021,Nidwalden,60-69,-19
2021,Nidwalden,70-79,-3
2021,Nidwalden,80-89,5
2021,Nidwalden,90-99,-2
2021,Nidwalden,100-109,0
2021,Obwalden,0-9,5
2021,Obwalden,10-19,4
2021,Obwalden,20-29,116
2021,Obwalden,30-39,82
2021,Obwalden,40-49,3
2021,Obwalden,50-59,21
2021,Obwalden,60-69,-27
2021,Obwalden,70-79,-3
2021,Obwalden,80-89,0
2021,Obwalden,90-99,-1
2021,Obwalden,100-109,0
2021,Schaffhausen,0-9,100
2021,Schaffhausen,10-19,80
2021,Schaffhausen,20-29,202
2021,Schaffhausen,30-39,176
2021,Schaffhausen,40-49,89
2021,Schaffhausen,50-59,-8
2021,Schaffhausen,60-69,-52
2021,Schaffhausen,70-79,0
2021,Schaffhausen,80-89,-2
2021,Schaffhausen,90-99,1
2021,Schaffhausen,100-109,0
2021,Schwyz,0-9,51
2021,Schwyz,10-19,68
2021,Schwyz,20-29,301
2021,Schwyz,30-39,237
2021,Schwyz,40-49,64
2021,Schwyz,50-59,17
2021,Schwyz,60-69,-127
2021,Schwyz,70-79,-25
2021,Schwyz,80-89,-6
2021,Schwyz,90-99,1
2021,Schwyz,100-109,0
2021,Solothurn,0-9,167
2021,Solothurn,10-19,165
2021,Solothurn,20-29,576
2021,Solothurn,30-39,386
2021,Solothurn,40-49,228
2021,Solothurn,50-59,57
2021,Solothurn,60-69,-156
2021,Solothurn,70-79,-8
2021,Solothurn,80-89,-5
2021,Solothurn,90-99,-4
2021,Solothurn,100-109,0
2021,St. Gallen,0-9,252
2021,St. Gallen,10-19,481
2021,St. Gallen,20-29,1485
2021,St. Gallen,30-39,994
2021,St. Gallen,40-49,436
2021,St. Gallen,50-59,8
2021,St. Gallen,60-69,-333
2021,St. Gallen,70-79,-41
2021,St. Gallen,80-89,-10
2021,St. Gallen,90-99,-1
2021,St. Gallen,100-109,1
2021,Thurgau,0-9,107
2021,Thurgau,10-19,177
2021,Thurgau,20-29,751
2021,Thurgau,30-39,518
2021,Thurgau,40-49,247
2021,Thurgau,50-59,-11
2021,Thurgau,60-69,-223
2021,Thurgau,70-79,-14
2021,Thurgau,80-89,1
2021,Thurgau,90-99,-3
2021,Thurgau,100-109,0
2021,Ticino,0-9,298
2021,Ticino,10-19,423
2021,Ticino,20-29,666
2021,Ticino,30-39,571
2021,Ticino,40-49,296
2021,Ticino,50-59,-26
2021,Ticino,60-69,-276
2021,Ticino,70-79,-57
2021,Ticino,80-89,2
2021,Ticino,90-99,-3
2021,Ticino,100-109,0
2021,Uri,0-9,15
2021,Uri,10-19,16
2021,Uri,20-29,83
2021,Uri,30-39,79
2021,Uri,40-49,41
2021,Uri,50-59,20
2021,Uri,60-69,-19
2021,Uri,70-79,5
2021,Uri,80-89,3
2021,Uri,90-99,0
2021,Uri,100-109,0
2021,Valais / Wallis,0-9,208
2021,Valais / Wallis,10-19,465
2021,Valais / Wallis,20-29,764
2021,Valais / Wallis,30-39,1113
2021,Valais / Wallis,40-49,419
2021,Valais / Wallis,50-59,106
2021,Valais / Wallis,60-69,-343
2021,Valais / Wallis,70-79,-67
2021,Valais / Wallis,80-89,-22
2021,Valais / Wallis,90-99,-1
2021,Valais / Wallis,100-109,0
2021,Vaud,0-9,754
2021,Vaud,10-19,2271
2021,Vaud,20-29,2238
2021,Vaud,30-39,1520
2021,Vaud,40-49,734
2021,Vaud,50-59,-263
2021,Vaud,60-69,-990
2021,Vaud,70-79,-76
2021,Vaud,80-89,5
2021,Vaud,90-99,-7
2021,Vaud,100-109,-2
2021,Zug,0-9,91
2021,Zug,10-19,55
2021,Zug,20-29,308
2021,Zug,30-39,431
2021,Zug,40-49,184
2021,Zug,50-59,9
2021,Zug,60-69,-154
2021,Zug,70-79,-21
2021,Zug,80-89,1
2021,Zug,90-99,-3
2021,Zug,100-109,0
2021,Zürich,0-9,564
2021,Zürich,10-19,1179
2021,Zürich,20-29,6809
2021,Zürich,30-39,4035
2021,Zürich,40-49,1103
2021,Zürich,50-59,-223
2021,Zürich,60-69,-1103
2021,Zürich,70-79,-138
2021,Zürich,80-89,-32
2021,Zürich,90-99,-9
2021,Zürich,100-109,-2
2022,Aargau,0-9,521
2022,Aargau,10-19,569
2022,Aargau,20-29,1791
2022,Aargau,30-39,1220
2022,Aargau,40-49,632
2022,Aargau,50-59,-70
2022,Aargau,60-69,-482
2022,Aargau,70-79,-23
2022,Aargau,80-89,-10
2022,Aargau,90-99,3
2022,Aargau,100-109,-1
2022,Appenzell Ausserrhoden,0-9,10
2022,Appenzell Ausserrhoden,10-19,32
2022,Appenzell Ausserrhoden,20-29,135
2022,Appenzell Ausserrhoden,30-39,61
2022,Appenzell Ausserrhoden,40-49,46
2022,Appenzell Ausserrhoden,50-59,19
2022,Appenzell Ausserrhoden,60-69,-39
2022,Appenzell Ausserrhoden,70-79,-6
2022,Appenzell Ausserrhoden,80-89,3
2022,Appenzell Ausserrhoden,90-99,-1
2022,Appenzell Ausserrhoden,100-109,0
2022,Appenzell Innerrhoden,0-9,3
2022,Appenzell Innerrhoden,10-19,-2
2022,Appenzell Innerrhoden,20-29,19
2022,Appenzell Innerrhoden,30-39,33
2022,Appenzell Innerrhoden,40-49,-5
2022,Appenzell Innerrhoden,50-59,8
2022,Appenzell Innerrhoden,60-69,-10
2022,Appenzell Innerrhoden,70-79,-1
2022,Appenzell Innerrhoden,80-89,0
2022,Appenzell Innerrhoden,90-99,1
2022,Appenzell Innerrhoden,100-109,0
2022,Basel-Landschaft,0-9,185
2022,Basel-Landschaft,10-19,99
2022,Basel-Landschaft,20-29,401
2022,Basel-Landschaft,30-39,375
2022,Basel-Landschaft,40-49,181
2022,Basel-Landschaft,50-59,-27
2022,Basel-Landschaft,60-69,-202
2022,Basel-Landschaft,70-79,-44
2022,Basel-Landschaft,80-89,-1
2022,Basel-Landschaft,90-99,-5
2022,Basel-Landschaft,100-109,-1
2022,Basel-Stadt,0-9,241
2022,Basel-Stadt,10-19,233
2022,Basel-Stadt,20-29,1315
2022,Basel-Stadt,30-39,1058
2022,Basel-Stadt,40-49,241
2022,Basel-Stadt,50-59,-30
2022,Basel-Stadt,60-69,-249
2022,Basel-Stadt,70-79,-48
2022,Basel-Stadt,80-89,-21
2022,Basel-Stadt,90-99,-9
2022,Basel-Stadt,100-109,0
2022,Bern / Berne,0-9,467
2022,Bern / Berne,10-19,576
2022,Bern / Berne,20-29,2402
2022,Bern / Berne,30-39,1602
2022,Bern / Berne,40-49,796
2022,Bern / Berne,50-59,92
2022,Bern / Berne,60-69,-665
2022,Bern / Berne,70-79,-33
2022,Bern / Berne,80-89,9
2022,Bern / Berne,90-99,-12
2022,Bern / Berne,100-109,0
2022,Fribourg / Freiburg,0-9,245
2022,Fribourg / Freiburg,10-19,225
2022,Fribourg / Freiburg,20-29,786
2022,Fribourg / Freiburg,30-39,591
2022,Fribourg / Freiburg,40-49,247
2022,Fribourg / Freiburg,50-59,-101
2022,Fribourg / Freiburg,60-69,-336
2022,Fribourg / Freiburg,70-79,-31
2022,Fribourg / Freiburg,80-89,-9
2022,Fribourg / Freiburg,90-99,-2
2022,Fribourg / Freiburg,100-109,0
2022,Genève,0-9,736
2022,Genève,10-19,1177
2022,Genève,20-29,2822
2022,Genève,30-39,2361
2022,Genève,40-49,1257
2022,Genève,50-59,209
2022,Genève,60-69,-874
2022,Genève,70-79,-110
2022,Genève,80-89,-91
2022,Genève,90-99,-64
2022,Genève,100-109,-1
2022,Glarus,0-9,34
2022,Glarus,10-19,29
2022,Glarus,20-29,115
2022,Glarus,30-39,45
2022,Glarus,40-49,48
2022,Glarus,50-59,10
2022,Glarus,60-69,-40
2022,Glarus,70-79,-1
2022,Glarus,80-89,2
2022,Glarus,90-99,0
2022,Glarus,100-109,0
2022,Graubünden / Grigioni / Grischun,0-9,92
2022,Graubünden / Grigioni / Grischun,10-19,190
2022,Graubünden / Grigioni / Grischun,20-29,644
2022,Graubünden / Grigioni / Grischun,30-39,510
2022,Graubünden / Grigioni / Grischun,40-49,337
2022,Graubünden / Grigioni / Grischun,50-59,116
2022,Graubünden / Grigioni / Grischun,60-69,-153
2022,Graubünden / Grigioni / Grischun,70-79,-25
2022,Graubünden / Grigioni / Grischun,80-89,-10
2022,Graubünden / Grigioni / Grischun,90-99,-8
2022,Graubünden / Grigioni / Grischun,100-109,0
2022,Jura,0-9,35
2022,Jura,10-19,40
2022,Jura,20-29,79
2022,Jura,30-39,90
2022,Jura,40-49,16
2022,Jura,50-59,10
2022,Jura,60-69,-65
2022,Jura,70-79,-11
2022,Jura,80-89,-7
2022,Jura,90-99,-1
2022,Jura,100-109,0
2022,Luzern,0-9,271
2022,Luzern,10-19,404
2022,Luzern,20-29,1101
2022,Luzern,30-39,865
2022,Luzern,40-49,422
2022,Luzern,50-59,64
2022,Luzern,60-69,-247
2022,Luzern,70-79,-22
2022,Luzern,80-89,2
2022,Luzern,90-99,-4
2022,Luzern,100-109,0
2022,Neuchâtel,0-9,144
2022,Neuchâtel,10-19,202
2022,Neuchâtel,20-29,674
2022,Neuchâtel,30-39,417
2022,Neuchâtel,40-49,148
2022,Neuchâtel,50-59,-28
2022,Neuchâtel,60-69,-240
2022,Neuchâtel,70-79,-19
2022,Neuchâtel,80-89,-9
2022,Neuchâtel,90-99,-5
2022,Neuchâtel,100-109,0
2022,Nidwalden,0-9,29
2022,Nidwalden,10-19,26
2022,Nidwalden,20-29,157
2022,Nidwalden,30-39,107
2022,Nidwalden,40-49,69
2022,Nidwalden,50-59,24
2022,Nidwalden,60-69,-16
2022,Nidwalden,70-79,-1
2022,Nidwalden,80-89,0
2022,Nidwalden,90-99,1
2022,Nidwalden,100-109,0
2022,Obwalden,0-9,42
2022,Obwalden,10-19,21
2022,Obwalden,20-29,128
2022,Obwalden,30-39,92
2022,Obwalden,40-49,59
2022,Obwalden,50-59,22
2022,Obwalden,60-69,-24
2022,Obwalden,70-79,-8
2022,Obwalden,80-89,0
2022,Obwalden,90-99,-1
2022,Obwalden,100-109,0
2022,Schaffhausen,0-9,101
2022,Schaffhausen,10-19,90
2022,Schaffhausen,20-29,308
2022,Schaffhausen,30-39,238
2022,Schaffhausen,40-49,146
2022,Schaffhausen,50-59,13
2022,Schaffhausen,60-69,-51
2022,Schaffhausen,70-79,1
2022,Schaffhausen,80-89,6
2022,Schaffhausen,90-99,-2
2022,Schaffhausen,100-109,0
2022,Schwyz,0-9,80
2022,Schwyz,10-19,104
2022,Schwyz,20-29,364
2022,Schwyz,30-39,294
2022,Schwyz,40-49,156
2022,Schwyz,50-59,83
2022,Schwyz,60-69,-108
2022,Schwyz,70-79,-19
2022,Schwyz,80-89,17
2022,Schwyz,90-99,-3
2022,Schwyz,100-109,0
2022,Solothurn,0-9,193
2022,Solothurn,10-19,185
2022,Solothurn,20-29,601
2022,Solothurn,30-39,471
2022,Solothurn,40-49,212
2022,Solothurn,50-59,18
2022,Solothurn,60-69,-165
2022,Solothurn,70-79,-18
2022,Solothurn,80-89,-9
2022,Solothurn,90-99,-3
2022,Solothurn,100-109,0
2022,St. Gallen,0-9,443
2022,St. Gallen,10-19,615
2022,St. Gallen,20-29,2092
2022,St. Gallen,30-39,1567
2022,St. Gallen,40-49,821
2022,St. Gallen,50-59,152
2022,St. Gallen,60-69,-352
2022,St. Gallen,70-79,-33
2022,St. Gallen,80-89,-9
2022,St. Gallen,90-99,2
2022,St. Gallen,100-109,0
2022,Thurgau,0-9,233
2022,Thurgau,10-19,293
2022,Thurgau,20-29,1033
2022,Thurgau,30-39,698
2022,Thurgau,40-49,421
2022,Thurgau,50-59,47
2022,Thurgau,60-69,-186
2022,Thurgau,70-79,-2
2022,Thurgau,80-89,3
2022,Thurgau,90-99,2
2022,Thurgau,100-109,-1
2022,Ticino,0-9,344
2022,Ticino,10-19,608
2022,Ticino,20-29,847
2022,Ticino,30-39,774
2022,Ticino,40-49,368
2022,Ticino,50-59,181
2022,Ticino,60-69,-225
2022,Ticino,70-79,-66
2022,Ticino,80-89,-31
2022,Ticino,90-99,-4
2022,Ticino,100-109,0
2022,Uri,0-9,12
2022,Uri,10-19,34
2022,Uri,20-29,104
2022,Uri,30-39,52
2022,Uri,40-49,32
2022,Uri,50-59,34
2022,Uri,60-69,-12
2022,Uri,70-79,0
2022,Uri,80-89,-5
2022,Uri,90-99,0
2022,Uri,100-109,0
2022,Valais / Wallis,0-9,321
2022,Valais / Wallis,10-19,469
2022,Valais / Wallis,20-29,1097
2022,Valais / Wallis,30-39,1035
2022,Valais / Wallis,40-49,541
2022,Valais / Wallis,50-59,118
2022,Valais / Wallis,60-69,-400
2022,Valais / Wallis,70-79,-63
2022,Valais / Wallis,80-89,-23
2022,Valais / Wallis,90-99,-17
2022,Valais / Wallis,100-109,0
2022,Vaud,0-9,844
2022,Vaud,10-19,2180
2022,Vaud,20-29,2352
2022,Vaud,30-39,1947
2022,Vaud,40-49,914
2022,Vaud,50-59,-161
2022,Vaud,60-69,-1060
2022,Vaud,70-79,-85
2022,Vaud,80-89,-11
2022,Vaud,90-99,-14
2022,Vaud,100-109,-1
2022,Zug,0-9,200
2022,Zug,10-19,104
2022,Zug,20-29,286
2022,Zug,30-39,557
2022,Zug,40-49,256
2022,Zug,50-59,19
2022,Zug,60-69,-113
2022,Zug,70-79,-24
2022,Zug,80-89,-8
2022,Zug,90-99,-1
2022,Zug,100-109,0
2022,Zürich,0-9,873
2022,Zürich,10-19,1425
2022,Zürich,20-29,8059
2022,Zürich,30-39,5522
2022,Zürich,40-49,1836
2022,Zürich,50-59,67
2022,Zürich,60-69,-1208
2022,Zürich,70-79,-161
2022,Zürich,80-89,-35
2022,Zürich,90-99,-18
2022,Zürich,100-109,-1
2023,Aargau,0-9,1183
2023,Aargau,10-19,1622
2023,Aargau,20-29,3250
2023,Aargau,30-39,2825
2023,Aargau,40-49,1796
2023,Aargau,50-59,676
2023,Aargau,60-69,-224
2023,Aargau,70-79,87
2023,Aargau,80-89,37
2023,Aargau,90-99,-7
2023,Aargau,100-109,0
2023,Appenzell Ausserrhoden,0-9,110
2023,Appenzell Ausserrhoden,10-19,131
2023,Appenzell Ausserrhoden,20-29,177
2023,Appenzell Ausserrhoden,30-39,152
2023,Appenzell Ausserrhoden,40-49,79
2023,Appenzell Ausserrhoden,50-59,36
2023,Appenzell Ausserrhoden,60-69,7
2023,Appenzell Ausserrhoden,70-79,3
2023,Appenzell Ausserrhoden,80-89,4
2023,Appenzell Ausserrhoden,90-99,2
2023,Appenzell Ausserrhoden,100-109,0
2023,Appenzell Innerrhoden,0-9,23
2023,Appenzell Innerrhoden,10-19,39
2023,Appenzell Innerrhoden,20-29,40
2023,Appenzell Innerrhoden,30-39,30
2023,Appenzell Innerrhoden,40-49,27
2023,Appenzell Innerrhoden,50-59,14
2023,Appenzell Innerrhoden,60-69,-4
2023,Appenzell Innerrhoden,70-79,1
2023,Appenzell Innerrhoden,80-89,-1
2023,Appenzell Innerrhoden,90-99,0
2023,Appenzell Innerrhoden,100-109,0
2023,Basel-Landschaft,0-9,564
2023,Basel-Landschaft,10-19,685
2023,Basel-Landschaft,20-29,811
2023,Basel-Landschaft,30-39,987
2023,Basel-Landschaft,40-49,588
2023,Basel-Landschaft,50-59,250
2023,Basel-Landschaft,60-69,-1
2023,Basel-Landschaft,70-79,68
2023,Basel-Landschaft,80-89,21
2023,Basel-Landschaft,90-99,1
2023,Basel-Landschaft,100-109,0
2023,Basel-Stadt,0-9,483
2023,Basel-Stadt,10-19,763
2023,Basel-Stadt,20-29,1574
2023,Basel-Stadt,30-39,1372
2023,Basel-Stadt,40-49,569
2023,Basel-Stadt,50-59,156
2023,Basel-Stadt,60-69,-71
2023,Basel-Stadt,70-79,33
2023,Basel-Stadt,80-89,4
2023,Basel-Stadt,90-99,-1
2023,Basel-Stadt,100-109,0
2023,Bern / Berne,0-9,1484
2023,Bern / Berne,10-19,2314
2023,Bern / Berne,20-29,3697
2023,Bern / Berne,30-39,3126
2023,Bern / Berne,40-49,2027
2023,Bern / Berne,50-59,611
2023,Bern / Berne,60-69,-71
2023,Bern / Berne,70-79,234
2023,Bern / Berne,80-89,32
2023,Bern / Berne,90-99,-6
2023,Bern / Berne,100-109,-1
2023,Fribourg / Freiburg,0-9,569
2023,Fribourg / Freiburg,10-19,816
2023,Fribourg / Freiburg,20-29,1293
2023,Fribourg / Freiburg,30-39,985
2023,Fribourg / Freiburg,40-49,729
2023,Fribourg / Freiburg,50-59,115
2023,Fribourg / Freiburg,60-69,-201
2023,Fribourg / Freiburg,70-79,61
2023,Fribourg / Freiburg,80-89,9
2023,Fribourg / Freiburg,90-99,2
2023,Fribourg / Freiburg,100-109,0
2023,Genève,0-9,1404
2023,Genève,10-19,1986
2023,Genève,20-29,3563
2023,Genève,30-39,3425
2023,Genève,40-49,2093
2023,Genève,50-59,753
2023,Genève,60-69,-480
2023,Genève,70-79,97
2023,Genève,80-89,3
2023,Genève,90-99,-40
2023,Genève,100-109,1
2023,Glarus,0-9,62
2023,Glarus,10-19,84
2023,Glarus,20-29,170
2023,Glarus,30-39,121
2023,Glarus,40-49,99
2023,Glarus,50-59,25
2023,Glarus,60-69,-8
2023,Glarus,70-79,10
2023,Glarus,80-89,3
2023,Glarus,90-99,2
2023,Glarus,100-109,0
2023,Graubünden / Grigioni / Grischun,0-9,314
2023,Graubünden / Grigioni / Grischun,10-19,459
2023,Graubünden / Grigioni / Grischun,20-29,800
2023,Graubünden / Grigioni / Grischun,30-39,765
2023,Graubünden / Grigioni / Grischun,40-49,496
2023,Graubünden / Grigioni / Grischun,50-59,197
2023,Graubünden / Grigioni / Grischun,60-69,-74
2023,Graubünden / Grigioni / Grischun,70-79,14
2023,Graubünden / Grigioni / Grischun,80-89,-3
2023,Graubünden / Grigioni / Grischun,90-99,-3
2023,Graubünden / Grigioni / Grischun,100-109,0
2023,Jura,0-9,113
2023,Jura,10-19,174
2023,Jura,20-29,144
2023,Jura,30-39,176
2023,Jura,40-49,142
2023,Jura,50-59,29
2023,Jura,60-69,-12
2023,Jura,70-79,18
2023,Jura,80-89,2
2023,Jura,90-99,1
2023,Jura,100-109,0
2023,Luzern,0-9,564
2023,Luzern,10-19,939
2023,Luzern,20-29,1733
2023,Luzern,30-39,1527
2023,Luzern,40-49,984
2023,Luzern,50-59,384
2023,Luzern,60-69,-33
2023,Luzern,70-79,41
2023,Luzern,80-89,22
2023,Luzern,90-99,0
2023,Luzern,100-109,0
2023,Neuchâtel,0-9,299
2023,Neuchâtel,10-19,642
2023,Neuchâtel,20-29,881
2023,Neuchâtel,30-39,663
2023,Neuchâtel,40-49,375
2023,Neuchâtel,50-59,40
2023,Neuchâtel,60-69,-178
2023,Neuchâtel,70-79,35
2023,Neuchâtel,80-89,15
2023,Neuchâtel,90-99,0
2023,Neuchâtel,100-109,0
2023,Nidwalden,0-9,77
2023,Nidwalden,10-19,90
2023,Nidwalden,20-29,198
2023,Nidwalden,30-39,157
2023,Nidwalden,40-49,76
2023,Nidwalden,50-59,30
2023,Nidwalden,60-69,10
2023,Nidwalden,70-79,6
2023,Nidwalden,80-89,-1
2023,Nidwalden,90-99,0
2023,Nidwalden,100-109,0
2023,Obwalden,0-9,43
2023,Obwalden,10-19,131
2023,Obwalden,20-29,151
2023,Obwalden,30-39,136
2023,Obwalden,40-49,77
2023,Obwalden,50-59,21
2023,Obwalden,60-69,-20
2023,Obwalden,70-79,-2
2023,Obwalden,80-89,2
2023,Obwalden,90-99,-1
2023,Obwalden,100-109,0
2023,Schaffhausen,0-9,168
2023,Schaffhausen,10-19,199
2023,Schaffhausen,20-29,427
2023,Schaffhausen,30-39,405
2023,Schaffhausen,40-49,225
2023,Schaffhausen,50-59,97
2023,Schaffhausen,60-69,-26
2023,Schaffhausen,70-79,-7
2023,Schaffhausen,80-89,17
2023,Schaffhausen,90-99,1
2023,Schaffhausen,100-109,0
2023,Schwyz,0-9,227
2023,Schwyz,10-19,333
2023,Schwyz,20-29,483
2023,Schwyz,30-39,498
2023,Schwyz,40-49,301
2023,Schwyz,50-59,53
2023,Schwyz,60-69,-34
2023,Schwyz,70-79,32
2023,Schwyz,80-89,-1
2023,Schwyz,90-99,-1
2023,Schwyz,100-109,0
2023,Solothurn,0-9,430
2023,Solothurn,10-19,635
2023,Solothurn,20-29,954
2023,Solothurn,30-39,910
2023,Solothurn,40-49,598
2023,Solothurn,50-59,176
2023,Solothurn,60-69,-27
2023,Solothurn,70-79,36
2023,Solothurn,80-89,4
2023,Solothurn,90-99,3
2023,Solothurn,100-109,0
2023,St. Gallen,0-9,845
2023,St. Gallen,10-19,1314
2023,St. Gallen,20-29,2463
2023,St. Gallen,30-39,2007
2023,St. Gallen,40-49,1275
2023,St. Gallen,50-59,390
2023,St. Gallen,60-69,-103
2023,St. Gallen,70-79,71
2023,St. Gallen,80-89,21
2023,St. Gallen,90-99,0
2023,St. Gallen,100-109,2
2023,Thurgau,0-9,485
2023,Thurgau,10-19,744
2023,Thurgau,20-29,1276
2023,Thurgau,30-39,1035
2023,Thurgau,40-49,664
2023,Thurgau,50-59,205
2023,Thurgau,60-69,-107
2023,Thurgau,70-79,16
2023,Thurgau,80-89,17
2023,Thurgau,90-99,1
2023,Thurgau,100-109,0
2023,Ticino,0-9,659
2023,Ticino,10-19,1136
2023,Ticino,20-29,1147
2023,Ticino,30-39,1184
2023,Ticino,40-49,727
2023,Ticino,50-59,201
2023,Ticino,60-69,-210
2023,Ticino,70-79,42
2023,Ticino,80-89,-5
2023,Ticino,90-99,0
2023,Ticino,100-109,2
2023,Uri,0-9,48
2023,Uri,10-19,100
2023,Uri,20-29,122
2023,Uri,30-39,109
2023,Uri,40-49,100
2023,Uri,50-59,51
2023,Uri,60-69,-7
2023,Uri,70-79,13
2023,Uri,80-89,2
2023,Uri,90-99,-1
2023,Uri,100-109,0
2023,Valais / Wallis,0-9,790
2023,Valais / Wallis,10-19,1064
2023,Valais / Wallis,20-29,1989
2023,Valais / Wallis,30-39,2039
2023,Valais / Wallis,40-49,1235
2023,Valais / Wallis,50-59,539
2023,Valais / Wallis,60-69,-232
2023,Valais / Wallis,70-79,44
2023,Valais / Wallis,80-89,-28
2023,Valais / Wallis,90-99,-16
2023,Valais / Wallis,100-109,0
2023,Vaud,0-9,1731
2023,Vaud,10-19,3775
2023,Vaud,20-29,4408
2023,Vaud,30-39,3544
2023,Vaud,40-49,1889
2023,Vaud,50-59,330
2023,Vaud,60-69,-729
2023,Vaud,70-79,96
2023,Vaud,80-89,64
2023,Vaud,90-99,-11
2023,Vaud,100-109,-1
2023,Zug,0-9,198
2023,Zug,10-19,193
2023,Zug,20-29,387
2023,Zug,30-39,555
2023,Zug,40-49,236
2023,Zug,50-59,93
2023,Zug,60-69,-63
2023,Zug,70-79,39
2023,Zug,80-89,11
2023,Zug,90-99,0
2023,Zug,100-109,0
2023,Zürich,0-9,1993
2023,Zürich,10-19,3765
2023,Zürich,20-29,9216
2023,Zürich,30-39,6905
2023,Zürich,40-49,3553
2023,Zürich,50-59,969
2023,Zürich,60-69,-477
2023,Zürich,70-79,223
2023,Zürich,80-89,37
2023,Zürich,90-99,-12
2023,Zürich,100-109,-1
